date,spend,name,postcode
27/06/2019,23,Grace Gardner,MK9 2FL
12/06/2019,21,Charlie Gregory,MK14 5FQ
26/02/2019,6,Judith Carr,MK19 7HA
22/02/2019,15,Marion Reynolds,MK17 0NF
01/08/2019,20,Norman Gordon,MK17 0PN
18/05/2019,35,Alexandra Spencer,MK17 9BN
04/06/2019,13,Eliza Gonzalez,MK17 0EA
27/12/2019,6,Chris Wright,MK17 9PW
07/09/2019,12,Abbie Hunter,MK7 7RU
06/09/2019,6,Alex Bailey,MK6 5LA
13/11/2019,8,Cory Gray,MK9 2DH
18/05/2019,30,Maddison Chapman,MK19 7DF
29/12/2019,5,Roland Ryan,MK7 8EG
16/05/2019,37,Luke Hoffman,MK19 6DG
21/01/2019,5,Jamie Reynolds,MK19 7HL
09/05/2019,13,Katie Burns,MK19 6EB
02/12/2019,14,Rich Kelly,MK17 0EJ
29/03/2019,14,Jennifer Bailey,LU7 0DE
17/12/2019,11,Brooke Jensen,MK7 6HE
05/09/2019,31,Alison Murray,MK5 7AY
18/12/2019,35,Jesus Warren,MK6 4HA
03/12/2019,12,Soham Lord,MK19 6DQ
26/06/2019,33,Anna Collins,MK3 7SY
30/06/2019,38,Linda Walker,MK19 7EA
04/09/2019,12,Maria Campbell,MK9 3PX
14/02/2019,8,Lily King,MK14 5QR
02/07/2019,4,Isabella Rose,MK16 9EU
10/03/2019,22,Troy Stewart,MK16 8LX
14/03/2019,35,Elizabeth Rogers,MK5 6EQ
17/11/2019,11,Katherine Simpson,MK12 5NN
18/01/2019,26,Jon Mcdonalid,MK6 5AA
19/11/2019,17,Angie Price,MK9 3HP
20/07/2019,9,Jimmy Walters,MK15 0EB
20/02/2019,25,Caroline Mcdonalid,MK19 6DF
16/04/2019,13,Joseph Walters,MK4 1EU
14/12/2019,27,Rachel Hoffman,MK19 7BJ
09/11/2019,9,Suzanne Webb,MK14 7PG
07/09/2019,31,Susan Myers,MK13 7QT
20/02/2019,25,Claude Taylor,MK16 9JP
01/11/2019,10,Josh West,MK17 0ST
31/01/2019,23,Maxwell Gilbert,NN7 2HX
11/04/2019,38,Sofia Chavez,MK10 7FX
28/08/2019,6,Ashley Watkins,MK9 1EN
07/10/2019,6,Javier Thompson,MK13 8NP
11/03/2019,30,Kelly Macrae,MK13 7LQ
20/08/2019,14,Jeremy Hart,MK6 2UJ
20/09/2019,11,Sheryl Evans,NN12 7PY
21/03/2019,11,Kimberly Reyes,MK17 0PN
14/02/2019,35,Caroline Mccoy,MK16 9HG
08/11/2019,5,Caroline Henderson,MK16 8NL
18/12/2019,36,Dwayne Bailey,MK19 7DX
16/06/2019,7,Lloyd Hunt,MK16 8SR
17/04/2019,16,Gerald Hernandez,MK5 6DL
17/04/2019,6,Isabelle Cox,MK16 9NY
14/01/2019,21,Judith Fowler,MK16 8LQ
29/01/2019,5,Karen Carr,LU7 0EU
06/03/2019,9,Sam Stanley,MK15 0DJ
24/10/2019,31,Vicky Wagner,MK4 4GH
23/10/2019,14,Eva Olson,MK19 7HN
18/10/2019,12,Rosalyn Ray,MK17 9NU
24/01/2019,18,Ellie Holland,MK16 8LG
11/12/2019,8,Ashley Harvey,MK4 4GA
25/08/2019,12,Holly Dixon,MK3 5DS
23/03/2019,27,Ricardo Larson,MK19 6BH
17/09/2019,30,Kate Banks,MK7 6BZ
30/05/2019,29,Sammy Reed,NN7 2HA
19/01/2019,22,Alison Watkins,MK9 2ES
12/05/2019,15,Maurice Gibson,MK46 5JH
25/04/2019,14,Pedro Warren,LU7 0LU
29/12/2019,11,Jimmy Fields,MK4 4AD
03/08/2019,9,Fernando Newman,MK4 4HA
12/01/2019,28,Stephen Willis,MK15 9JY
16/12/2019,13,Isaac Harper,MK16 8LX
19/01/2019,35,Ricardo Robinson,MK19 7BU
16/12/2019,12,Emma Simmmons,MK3 5PY
16/09/2019,11,Armando Newman,MK8 9DJ
22/01/2019,27,Laura Payne,MK15 9AY
26/01/2019,32,Brooke Young,MK10 9QB
01/02/2019,40,Maddison Miles,MK6 5AP
17/08/2019,6,Susan Soto,MK6 4NA
11/04/2019,10,Zoe Lawson,MK14 7RR
24/04/2019,28,Rafael Arnold,MK16 9AX
10/02/2019,34,Dustin Hudson,MK16 8EP
10/05/2019,20,Maya Butler,MK12 6HG
24/05/2019,29,Bradley Hicks,MK19 7NF
12/10/2019,13,Leah Alvarez,MK9 2DH
19/10/2019,9,Linda Boyd,MK17 0JW
11/09/2019,29,Deborah Pena,MK17 0LN
30/06/2019,11,Charlotte Gardner,MK14 7AR
20/04/2019,7,Ellie Fletcher,MK9 3EJ
20/01/2019,15,Alice Campbell,MK19 7HD
12/05/2019,12,Rosalyn Ross,MK10 9UH
09/02/2019,37,Maya Fisher,MK3 7WN
12/06/2019,27,Heidi Carr,MK16 9QJ
13/11/2019,13,Marc Hoffman,MK12 5NN
08/09/2019,28,Caitlin Ramos,MK19 6NR
04/10/2019,6,Mandy Lowe,NN7 2FA
31/01/2019,10,Vanessa Little,MK12 5TH
10/09/2019,15,Stephanie Cook,MK8 9AA
22/09/2019,27,Angie Harper,MK16 8LT
22/02/2019,5,Brennan Horton,LU7 0EU
12/10/2019,17,Donna Burns,MK16 9FG
18/05/2019,29,Andre Frazier,MK14 7AR
14/09/2019,10,Jake Martinez,MK16 0BT
10/06/2019,27,Stanley Elliott,MK16 0JA
17/07/2019,18,Cecil Henry,MK10 9JW
19/04/2019,21,Larry Mitchell,MK3 5NS
09/09/2019,34,Frank Young,MK16 9DY
18/06/2019,27,Catherine Vasquez,MK14 6ET
21/08/2019,11,Rachel Gardner,MK3 5DG
06/09/2019,13,David Gonzalez,MK1 1BN
14/06/2019,12,Caroline Castillo,MK19 7HN
30/06/2019,10,Alex Hamilton,MK16 9EU
13/09/2019,11,Britney Frazier,NN7 2HA
25/05/2019,34,Susanna Tucker,NN7 2BH
20/01/2019,6,Izzie Terry,MK13 7RA
26/11/2019,39,Gilbert Holmes,MK9 3QA
12/10/2019,7,Matthew Simpson,MK16 0HX
07/07/2019,19,Catherine Shaw,MK8 9DY
29/11/2019,15,Vernon Mcdonalid,MK17 0EG
14/03/2019,13,Ellie Jimenez,MK17 9AB
23/08/2019,12,Olivia Hamilton,MK3 5DH
03/10/2019,7,Josef Graves,MK9 4AN
21/04/2019,12,Christina Oliver,MK17 0HY
21/01/2019,22,Xander Hamilton,MK17 0PN
27/01/2019,9,Amelia Washington,NN7 2QT
09/02/2019,11,Erin Stanley,MK3 5GQ
10/07/2019,15,Theodore Watson,MK19 6NB
24/11/2019,8,Christina Sullivan,MK16 9JL
31/05/2019,36,Gary Hunt,MK11 1FH
05/12/2019,20,Felix Miles,MK15 0AR
21/03/2019,8,Mathew Obrien,MK16 9ET
15/04/2019,13,Karl Gutierrez,MK17 0SP
08/01/2019,11,Deborah Sims,MK15 0DD
10/11/2019,36,Justin George,MK16 9PS
27/08/2019,11,Connor Turner,MK9 1DG
04/05/2019,34,Steven Austin,LU7 0UU
15/01/2019,19,Melissa Cook,MK16 8LF
15/12/2019,11,Pat Thompson,MK7 8EH
12/11/2019,9,Teresa Martin,MK10 9NA
18/11/2019,14,Eva Howell,MK4 4NG
10/06/2019,5,Leah Jackson,MK17 0LD
22/12/2019,37,Judy George,MK6 2JS
24/01/2019,14,Nicole Little,MK8 0PQ
09/03/2019,26,Carolyn King,MK10 9PJ
04/10/2019,39,Isabella Walters,MK17 0BU
01/02/2019,13,Rene Riley,MK4 4JL
28/10/2019,9,Susie Gregory,MK7 6AA
11/10/2019,4,Eric Porter,MK17 0PD
20/03/2019,11,Milton Morales,MK3 5HN
30/08/2019,23,Vicki Lucas,MK5 6AY
29/07/2019,38,Kaitlin Marshall,MK15 9AD
04/06/2019,11,Sammy Pena,MK14 5AE
01/02/2019,13,Kelly Brooks,MK19 6EA
23/12/2019,6,Darrell Gregory,MK16 8LT
07/03/2019,24,Tracey Evans,NN12 7UL
26/08/2019,18,Sofia Martinez,MK19 6DU
07/06/2019,12,Katie Griffin,MK12 6AS
02/11/2019,9,Evan Brewer,MK19 7HP
01/11/2019,16,Andy Jennings,MK16 0HA
23/10/2019,34,Ray Kelly,MK16 0HN
02/05/2019,21,Donna Black,MK19 7ND
07/12/2019,24,Leah Alexander,MK19 7AG
02/10/2019,22,Maddison Reid,LU7 0DN
03/01/2019,16,Melissa Campbell,MK13 8DA
04/01/2019,4,Byron Mills,MK19 7EB
29/01/2019,24,Wade Foster,MK5 7HZ
04/04/2019,10,Hunter King,MK46 5AX
25/12/2019,38,Nicky Jensen,MK12 6AZ
08/08/2019,25,Kaitlin Jennings,MK18 3LW
19/09/2019,7,Florence Cooper,MK17 0PN
14/12/2019,26,Victor Elliott,MK16 0HZ
23/07/2019,20,Lillian Macrae,MK8 9AL
03/10/2019,9,Callum Rhodes,MK17 0EB
17/08/2019,30,Wallace Wagner,MK13 7LG
20/05/2019,20,Justin Kuhn,MK17 8HN
21/09/2019,17,Victoria Graham,MK14 5AH
02/03/2019,7,Lance Jackson,MK5 8GH
11/10/2019,33,Kelly Cunningham,MK17 8BP
22/03/2019,7,Larry Walker,MK17 9HD
08/09/2019,22,Shaun Macrae,MK11 1FH
16/03/2019,40,Randy Griffin,MK7 7BW
14/07/2019,28,Kimberly Knight,MK6 3BX
05/01/2019,22,Tracy Herrera,MK17 0PJ
14/04/2019,10,Maddison Cooper,MK4 1LY
09/05/2019,23,Paul Thompson,MK46 5LB
24/08/2019,21,Alfredo Robertson,MK14 5FU
09/12/2019,21,Alberto Barnett,MK17 9AB
22/03/2019,10,Eva Torres,MK17 0SS
15/03/2019,14,Jeffrey Caldwell,MK11 1NJ
17/09/2019,25,Rosie Wilson,MK2 2TX
02/06/2019,10,Perry Lord,MK17 8AF
17/12/2019,31,Patricia Griffin,NN7 2JP
31/03/2019,10,Amber Rose,MK17 7AJ
07/02/2019,17,Emma Burns,MK8 9AA
08/11/2019,11,Willie Garrett,LU7 0GF
15/09/2019,29,Stephanie Frazier,MK13 0LP
09/04/2019,12,Manuel Gibson,MK12 5NN
28/01/2019,5,Janet Reynolds,MK6 2PA
19/09/2019,34,Zander Butler,MK46 5AX
06/10/2019,7,Suzanne Jennings,MK13 8EQ
29/11/2019,8,Vicky Hawkins,NN7 1HN
17/08/2019,18,Isabella Carr,MK19 6EL
08/09/2019,10,Theo Stewart,MK19 6ET
10/11/2019,37,Austin Montgomery,MK19 7DP
18/08/2019,26,Susie Harris,MK14 6GD
31/03/2019,30,Angie Hamilton,MK6 3AY
02/02/2019,22,Clinton Wagner,LU7 0EU
14/09/2019,21,Alfred Reid,MK3 5QY
09/01/2019,26,Ian Davidson,MK46 5AN
02/03/2019,12,Judy Reed,MK13 0AT
28/09/2019,7,Carolyn Tucker,MK12 5DW
19/05/2019,25,Connor Fuller,MK19 6DS
06/05/2019,23,Warren Cook,MK19 6BF
08/11/2019,7,Patricia Ferguson,NN12 7QL
08/11/2019,23,Mathew Howell,MK4 4TX
03/10/2019,13,Heather Hayes,MK16 8LT
22/09/2019,27,Carol Perez,MK15 9AW
26/01/2019,11,Paige Lord,MK13 7RA
19/06/2019,14,Larry Allen,MK14 5DW
21/07/2019,13,Ashley Sims,LU7 0DU
25/07/2019,14,Julio Collins,MK19 6EJ
29/12/2019,21,Andre Little,MK16 8LE
24/09/2019,11,Lester Daniels,MK11 1BQ
02/04/2019,28,Morris Moore,MK7 6BY
05/07/2019,10,Ernest Carroll,MK16 8NY
06/09/2019,35,Adrian Warren,MK14 7DT
31/05/2019,36,Donald Black,NN7 1HF
22/01/2019,11,Gilbert Jackson,MK16 8LT
29/10/2019,7,Patricia Wagner,MK6 3EA
10/01/2019,12,Jose Young,MK6 1BH
06/05/2019,22,Emily Kim,MK3 7RP
07/01/2019,27,Todd Cooper,MK6 3JH
24/04/2019,12,Gordon Jacobs,MK46 5JH
06/11/2019,27,Lawrence Hunt,MK46 5DS
05/06/2019,7,Tracy Byrd,MK19 7AW
17/01/2019,31,Christina Terry,MK16 8JE
12/11/2019,6,Leon Elliott,MK1 1EW
09/12/2019,15,Lucy Armstrong,MK9 1AU
02/03/2019,16,Kenneth Pierce,MK8 0PE
03/08/2019,9,Kimberly Brewer,MK6 5LE
31/03/2019,5,Heather Wood,MK14 7DW
16/01/2019,16,Ed Oliver,MK19 6DF
17/10/2019,31,Alvin Perez,MK3 7LD
09/07/2019,12,Ed Turner,MK14 7BS
19/11/2019,33,Walter Montgomery,MK46 4DU
05/12/2019,12,Katherine Stephens,MK6 3EE
09/08/2019,38,Debbie Hughes,MK16 0NA
13/08/2019,11,Jeremiah Brooks,MK17 0LN
12/01/2019,30,Rodney White,MK9 3DA
27/11/2019,14,Carol Dixon,MK14 6AT
17/10/2019,15,Eli Walker,MK6 4AL
19/02/2019,32,Kurt Bradley,MK13 0AD
20/12/2019,9,Roger Davis,MK19 7HJ
02/03/2019,15,Adam Cook,MK2 3NU
24/08/2019,10,Dick Green,MK46 5AF
21/08/2019,10,Alison Day,MK14 7DW
12/02/2019,9,Jason James,MK3 5ES
16/05/2019,18,Kelly Neal,MK3 7AN
24/02/2019,14,Thomas Gardner,MK6 2PG
22/12/2019,18,Nicholas Harris,MK4 3BT
26/03/2019,19,Maria Davidson,MK17 8BT
14/07/2019,7,Randall Jones,MK6 5JZ
18/06/2019,36,Roger Silva,MK17 0LD
31/03/2019,6,Katie Newman,MK5 6HQ
23/09/2019,35,Julia Matthews,MK12 5EA
08/09/2019,38,Lester Nguyen,MK16 8EF
04/09/2019,39,Wade Clark,MK46 5EJ
06/02/2019,37,Brad Olson,MK19 6NL
02/11/2019,4,Rick Willis,MK9 3EJ
04/09/2019,31,Janet Hunter,MK9 3AT
04/03/2019,19,Sara Carroll,LU7 0ES
23/10/2019,9,Mandy Mccoy,MK5 8AA
10/04/2019,9,Olivia Pearson,LU7 0EP
06/06/2019,16,Victor Davis,MK3 7UL
19/03/2019,28,Samantha Byrd,MK11 3HQ
17/02/2019,21,Eva Harrison,MK8 9LG
25/02/2019,9,Jayden Hayes,MK19 7BH
27/10/2019,7,Amy Wheeler,MK14 6EZ
27/12/2019,21,Alberto Hansen,MK8 0AE
14/10/2019,10,Ronald Garcia,MK6 1LA
08/03/2019,27,Tony Richardson,MK14 7AJ
30/09/2019,33,Warren Patterson,MK16 8LX
24/12/2019,12,Tyrone Lowe,LU7 0DB
20/02/2019,12,Andrew Butler,MK16 8JA
12/07/2019,21,Heidi Owens,NN7 1HF
31/07/2019,9,Angie Fernandez,MK16 8LN
17/01/2019,29,Michelle Fleming,MK6 1LA
11/08/2019,8,Carolyn Rodriguez,MK16 0HP
04/11/2019,15,Deborah Chambers,MK6 1BA
26/09/2019,22,Kate Kennedy,MK6 2UE
14/11/2019,9,Kelly Myers,MK17 9BS
30/03/2019,17,Same Alexander,MK16 8NY
09/08/2019,28,Lillian Watkins,MK13 7LL
10/01/2019,30,Ivan Sutton,MK17 0SS
20/12/2019,5,Ron Wallace,MK4 4LQ
02/01/2019,8,Vanessa Reyes,LU7 0ES
11/03/2019,30,Samantha Hamilton,MK16 8HR
06/03/2019,7,Noah Turner,MK19 7DE
07/01/2019,22,Angie Bowman,MK46 4AF
06/03/2019,37,Rosie Gomez,MK13 7DU
17/06/2019,14,Freddie Ferguson,MK15 8HG
30/01/2019,27,Jessie Ramos,MK13 8RA
01/09/2019,13,Ellie Dean,MK46 5JH
25/04/2019,9,Corey Hart,MK17 9AA
21/12/2019,12,Clarence Gibson,MK6 4AL
13/07/2019,17,Terry Douglas,MK14 5BJ
12/08/2019,23,Donald Simmmons,MK19 6DD
16/04/2019,20,Susan Mitchelle,MK15 0SF
20/01/2019,19,Clarence Hunter,MK9 2AJ
01/04/2019,16,Ashley Brooks,NN12 7PJ
23/08/2019,12,Angela Morrison,MK16 0LY
15/01/2019,15,Jim Byrd,MK14 7QW
07/09/2019,17,Ellen Harper,MK4 2HA
21/12/2019,35,Teresa Ruiz,MK17 0EZ
20/04/2019,22,Mary Howard,NN12 7TH
15/05/2019,25,Leah Reid,MK16 8LE
07/09/2019,7,Leah Fleming,MK3 7RD
17/04/2019,10,Susan Lynch,MK19 6EG
14/08/2019,21,Katherine Rogers,MK17 0RA
22/09/2019,35,Jonathan Jennings,MK4 4JL
29/03/2019,36,Suzanna Curtis,MK17 0EB
27/02/2019,31,Teresa Hill,MK8 9LG
14/07/2019,29,Holly Russell,MK3 5FH
04/06/2019,38,Patrick Nelson,NN7 2BH
29/07/2019,26,Kate Douglas,LU7 0BJ
14/07/2019,23,Brayden Shaw,MK8 9BB
16/03/2019,4,Ronald Ferguson,MK17 0HL
05/09/2019,29,Josh Mason,MK17 9LJ
18/11/2019,9,Judith Garza,MK9 3EJ
18/01/2019,4,Stanley Grant,MK2 3QP
16/01/2019,11,Reginald Bates,MK17 0NA
11/09/2019,34,Neil Davidson,MK14 7QH
29/03/2019,13,Andrea Franklin,MK17 0JE
24/02/2019,25,Terry Cole,MK4 3GB
27/04/2019,32,Nicky Mccoy,MK19 7NF
27/11/2019,31,Kathy Bryant,MK19 7DR
15/09/2019,29,Alan Weaver,MK17 0BQ
10/12/2019,11,Susan Ortiz,MK4 1BZ
15/03/2019,9,Sarah Terry,MK10 1SA
14/11/2019,30,Oscar Johnson,MK17 8FF
23/09/2019,11,Arnold Hall,MK17 8HR
14/11/2019,34,Art Black,MK6 2XA
28/02/2019,21,Ella Warren,MK19 6BD
25/10/2019,20,Julia Alvarez,MK14 6FS
07/04/2019,5,Hanna Stephens,LU7 0LS
29/05/2019,26,Alexandra Black,LU7 0ES
18/01/2019,38,Mary Hart,MK19 6DU
01/04/2019,8,Hugh Stanley,MK17 0EG
22/01/2019,38,Faith Ford,MK16 9HG
30/07/2019,16,Ellie Matthews,MK16 8QR
24/06/2019,22,Lucas or luke Jones,MK4 4BX
23/02/2019,10,Sara Nelson,MK4 4AE
24/12/2019,8,Rafael Larson,MK3 5LA
04/10/2019,4,Edgar Kim,MK16 8LT
19/06/2019,36,Stanley Powell,MK16 9HH
09/06/2019,16,Russell Cook,MK9 3BQ
18/09/2019,8,Josef Watkins,MK5 8PJ
23/04/2019,6,Carlos Mcdonalid,MK17 8DL
10/07/2019,9,Justin Chavez,MK15 8PE
19/07/2019,36,Jenny Peterson,NN12 7QT
19/10/2019,9,Soham Johnson,MK17 0LQ
22/03/2019,8,Amber Kim,MK3 5FR
06/12/2019,24,Rosie Gardner,MK46 5JQ
03/11/2019,8,Sean Hughes,MK19 7HQ
21/12/2019,35,Ethan Wood,MK6 2HU
12/06/2019,29,Patricia Romero,MK17 0LU
29/11/2019,13,Alex Watkins,MK16 0HX
16/04/2019,18,Alex May,MK6 5AD
08/09/2019,28,Bob Cole,MK17 9AA
18/03/2019,19,Steve Ray,MK17 8DA
24/02/2019,17,Angie Parker,MK17 0SJ
25/02/2019,25,Sophie Simmmons,MK10 0BN
14/05/2019,26,Vernon Flores,MK15 0BN
08/11/2019,9,Kelly Perry,MK13 7DF
17/03/2019,22,Dylan Flores,MK16 9HU
29/09/2019,11,Ricardo Fisher,LU7 0DN
17/05/2019,12,Lillian Tucker,MK19 7DE
23/07/2019,25,Theodore Stone,MK3 5QY
03/11/2019,37,Laura Reynolds,MK7 6BB
03/04/2019,31,Hugh Stevens,MK13 7AY
03/11/2019,8,Frankie Pena,MK19 6HL
08/09/2019,12,Dean Mason,MK19 7HL
24/11/2019,13,Cathy Watts,MK13 7QT
27/06/2019,8,Heather Hoffman,MK9 2HQ
16/06/2019,13,Laura Reynolds,MK13 0RH
17/04/2019,14,Mathew Clarke,MK6 5EG
17/01/2019,8,Robert Olson,MK17 9AA
18/07/2019,39,Laura Hunter,MK6 2DH
17/01/2019,9,Ricky Hart,MK17 0PJ
10/12/2019,13,Darrell Caldwell,MK3 6LN
18/07/2019,9,Willie Burton,MK43 0TG
26/09/2019,8,Amy Lawson,MK14 6GG
12/06/2019,17,Carter Newman,MK10 9GP
21/09/2019,35,Fred Black,MK14 5BL
07/05/2019,5,Louis Anderson,MK6 5EY
07/09/2019,14,Guy Hoffman,MK6 5DN
25/08/2019,7,Lance Day,MK14 6FX
23/07/2019,13,Joel Lawrence,MK17 0HX
14/02/2019,38,Vicky Wade,MK19 6JR
14/04/2019,20,Kurt Bradley,MK13 0AD
08/04/2019,9,Melissa Cook,MK16 8LF
16/04/2019,14,Britney Frazier,NN7 2HA
19/08/2019,29,Heather Hoffman,MK9 2HQ
28/09/2019,9,Jimmy Fields,MK4 4AD
12/03/2019,30,Steven Austin,LU7 0UU
19/01/2019,16,Angie Harper,MK16 8LT
14/04/2019,12,Larry Mitchell,MK3 5NS
03/07/2019,5,Justin Kuhn,MK17 8HN
26/07/2019,21,Sara Nelson,MK4 4AE
27/08/2019,11,Bob Cole,MK17 9AA
07/04/2019,36,Ethan Wood,MK6 2HU
09/09/2019,29,Jake Martinez,MK16 0BT
08/01/2019,24,Judy George,MK6 2JS
07/12/2019,39,Brad Olson,MK19 6NL
08/07/2019,10,Randall Jones,MK6 5JZ
12/02/2019,12,Ed Oliver,MK19 6DF
17/07/2019,14,Felix Miles,MK15 0AR
11/06/2019,6,Olivia Pearson,LU7 0EP
02/10/2019,17,Maya Butler,MK12 6HG
26/04/2019,9,Angie Harper,MK16 8LT
02/05/2019,24,Lillian Macrae,MK8 9AL
02/04/2019,27,Chris Wright,MK17 9PW
20/09/2019,23,Manuel Gibson,MK12 5NN
24/08/2019,28,Rafael Arnold,MK16 9AX
27/10/2019,14,Patrick Nelson,NN7 2BH
01/03/2019,33,Lester Daniels,MK11 1BQ
20/11/2019,12,Lillian Watkins,MK13 7LL
04/01/2019,10,Sammy Reed,NN7 2HA
13/11/2019,11,Carol Perez,MK15 9AW
04/06/2019,25,Victor Elliott,MK16 0HZ
27/02/2019,38,Charlie Gregory,MK14 5FQ
15/11/2019,35,Mathew Clarke,MK6 5EG
31/03/2019,6,Rafael Larson,MK3 5LA
20/04/2019,5,Walter Montgomery,MK46 4DU
22/03/2019,31,Julia Alvarez,MK14 6FS
28/02/2019,7,Sarah Terry,MK10 1SA
17/05/2019,13,Mathew Howell,MK4 4TX
26/07/2019,8,Patricia Ferguson,NN12 7QL
30/10/2019,23,Laura Reynolds,MK7 6BB
23/01/2019,31,Perry Lord,MK17 8AF
13/10/2019,22,Brooke Young,MK10 9QB
05/02/2019,37,Catherine Vasquez,MK14 6ET
18/08/2019,24,Adrian Warren,MK14 7DT
19/06/2019,8,Eric Porter,MK17 0PD
09/11/2019,32,Zander Butler,MK46 5AX
28/07/2019,14,Eric Porter,MK17 0PD
28/08/2019,13,Katherine Simpson,MK12 5NN
15/05/2019,27,Melissa Cook,MK16 8LF
03/12/2019,7,Alex Watkins,MK16 0HX
20/03/2019,18,Mary Hart,MK19 6DU
19/07/2019,11,Theodore Watson,MK19 6NB
31/08/2019,37,Ashley Brooks,NN12 7PJ
30/05/2019,5,Rachel Gardner,MK3 5DG
25/11/2019,34,Kate Douglas,LU7 0BJ
22/03/2019,5,Judy George,MK6 2JS
02/01/2019,14,Ethan Wood,MK6 2HU
25/02/2019,18,Same Alexander,MK16 8NY
12/05/2019,13,Jose Young,MK6 1BH
24/05/2019,5,Jennifer Bailey,LU7 0DE
15/06/2019,36,Connor Turner,MK9 1DG
17/11/2019,12,Isabella Carr,MK19 6EL
01/12/2019,31,Clarence Hunter,MK9 2AJ
19/06/2019,35,Donna Burns,MK16 9FG
24/03/2019,35,Lester Nguyen,MK16 8EF
03/01/2019,26,Ellie Matthews,MK16 8QR
16/12/2019,33,Sofia Martinez,MK19 6DU
05/11/2019,25,Connor Turner,MK9 1DG
21/07/2019,18,Chris Wright,MK17 9PW
05/05/2019,25,Terry Cole,MK4 3GB
07/12/2019,11,Terry Cole,MK4 3GB
28/11/2019,30,Ian Davidson,MK46 5AN
23/06/2019,10,Felix Miles,MK15 0AR
07/06/2019,25,Alex Watkins,MK16 0HX
28/11/2019,16,Gilbert Holmes,MK9 3QA
18/03/2019,14,Amber Rose,MK17 7AJ
15/12/2019,29,Guy Hoffman,MK6 5DN
19/03/2019,34,Arnold Hall,MK17 8HR
07/12/2019,13,Clinton Wagner,LU7 0EU
30/01/2019,9,Judith Fowler,MK16 8LQ
07/09/2019,23,Wade Clark,MK46 5EJ
28/09/2019,11,Maria Campbell,MK9 3PX
29/04/2019,26,Ashley Watkins,MK9 1EN
20/01/2019,11,Rafael Arnold,MK16 9AX
06/06/2019,12,Kelly Cunningham,MK17 8BP
14/12/2019,30,Sam Stanley,MK15 0DJ
16/12/2019,37,Maddison Chapman,MK19 7DF
30/01/2019,7,Sammy Reed,NN7 2HA
10/01/2019,6,Vernon Mcdonalid,MK17 0EG
15/11/2019,29,Troy Stewart,MK16 8LX
01/05/2019,37,Lily King,MK14 5QR
25/12/2019,11,Arnold Hall,MK17 8HR
12/03/2019,31,Judy Reed,MK13 0AT
21/11/2019,13,Rachel Hoffman,MK19 7BJ
18/11/2019,12,Teresa Ruiz,MK17 0EZ
25/04/2019,9,Holly Russell,MK3 5FH
21/08/2019,39,Ronald Garcia,MK6 1LA
01/01/2019,38,Kelly Myers,MK17 9BS
29/07/2019,11,Ashley Watkins,MK9 1EN
04/04/2019,35,Nicole Little,MK8 0PQ
30/09/2019,33,Jeremiah Brooks,MK17 0LN
03/02/2019,14,Eric Porter,MK17 0PD
18/08/2019,7,Kelly Macrae,MK13 7LQ
19/01/2019,15,Carolyn Rodriguez,MK16 0HP
25/04/2019,33,Rodney White,MK9 3DA
04/03/2019,7,Paul Thompson,MK46 5LB
23/11/2019,5,Katie Newman,MK5 6HQ
12/06/2019,11,Isabella Rose,MK16 9EU
04/08/2019,29,Josh Mason,MK17 9LJ
19/04/2019,8,Ed Oliver,MK19 6DF
28/09/2019,14,Ellie Holland,MK16 8LG
28/03/2019,23,Maddison Cooper,MK4 1LY
09/08/2019,33,Angie Parker,MK17 0SJ
28/05/2019,25,Ronald Garcia,MK6 1LA
03/09/2019,10,Isabelle Cox,MK16 9NY
24/08/2019,9,Vanessa Little,MK12 5TH
10/11/2019,18,Sofia Martinez,MK19 6DU
26/04/2019,38,Dick Green,MK46 5AF
24/11/2019,11,Kurt Bradley,MK13 0AD
21/07/2019,12,Judith Garza,MK9 3EJ
29/03/2019,17,Soham Lord,MK19 6DQ
21/07/2019,9,Andre Frazier,MK14 7AR
01/11/2019,20,Joel Lawrence,MK17 0HX
10/08/2019,31,Laura Reynolds,MK7 6BB
05/05/2019,36,Steven Austin,LU7 0UU
27/12/2019,14,Ronald Garcia,MK6 1LA
29/05/2019,20,Amber Rose,MK17 7AJ
27/05/2019,14,Morris Moore,MK7 6BY
01/11/2019,31,Judy Reed,MK13 0AT
13/08/2019,13,Mary Howard,NN12 7TH
21/01/2019,5,Tracey Evans,NN12 7UL
30/01/2019,17,Jeffrey Caldwell,MK11 1NJ
07/05/2019,35,Kimberly Knight,MK6 3BX
06/08/2019,6,Hanna Stephens,LU7 0LS
21/02/2019,14,Ethan Wood,MK6 2HU
06/06/2019,7,Mathew Clarke,MK6 5EG
14/05/2019,28,Jimmy Fields,MK4 4AD
25/04/2019,22,Dick Green,MK46 5AF
24/09/2019,36,Freddie Ferguson,MK15 8HG
14/11/2019,37,Andrea Franklin,MK17 0JE
23/12/2019,35,Warren Patterson,MK16 8LX
05/01/2019,14,Mandy Lowe,NN7 2FA
30/08/2019,12,Cathy Watts,MK13 7QT
29/01/2019,17,Heather Hayes,MK16 8LT
03/10/2019,21,Susan Mitchelle,MK15 0SF
17/09/2019,20,Melissa Campbell,MK13 8DA
30/05/2019,37,Cory Gray,MK9 2DH
08/09/2019,8,Eva Torres,MK17 0SS
01/11/2019,13,Gerald Hernandez,MK5 6DL
25/06/2019,15,Eva Harrison,MK8 9LG
03/04/2019,15,Paul Thompson,MK46 5LB
22/01/2019,5,Evan Brewer,MK19 7HP
03/11/2019,9,Josh Mason,MK17 9LJ
11/07/2019,5,Julia Alvarez,MK14 6FS
28/09/2019,20,Vicky Hawkins,NN7 1HN
04/10/2019,34,Holly Dixon,MK3 5DS
25/10/2019,6,Julia Matthews,MK12 5EA
13/03/2019,23,Isaac Harper,MK16 8LX
22/12/2019,38,Alexandra Spencer,MK17 9BN
17/01/2019,5,Amber Kim,MK3 5FR
27/12/2019,28,Donald Black,NN7 1HF
03/04/2019,9,Ronald Garcia,MK6 1LA
25/08/2019,5,Marion Reynolds,MK17 0NF
22/07/2019,4,Cory Gray,MK9 2DH
16/11/2019,13,Victor Davis,MK3 7UL
02/05/2019,27,Alfredo Robertson,MK14 5FU
03/06/2019,35,Catherine Shaw,MK8 9DY
03/12/2019,15,Ronald Ferguson,MK17 0HL
30/12/2019,11,Janet Reynolds,MK6 2PA
31/08/2019,35,Josh West,MK17 0ST
20/03/2019,10,Gerald Hernandez,MK5 6DL
28/10/2019,40,Kate Banks,MK7 6BZ
26/07/2019,19,Austin Montgomery,MK19 7DP
17/06/2019,26,Russell Cook,MK9 3BQ
23/09/2019,12,Cory Gray,MK9 2DH
21/09/2019,7,Nicky Mccoy,MK19 7NF
17/01/2019,9,Norman Gordon,MK17 0PN
06/10/2019,31,Caroline Castillo,MK19 7HN
01/04/2019,19,Marc Hoffman,MK12 5NN
01/04/2019,14,Catherine Shaw,MK8 9DY
11/11/2019,4,Carolyn King,MK10 9PJ
19/07/2019,12,Felix Miles,MK15 0AR
02/09/2019,7,Heidi Carr,MK16 9QJ
07/07/2019,10,Janet Hunter,MK9 3AT
21/09/2019,7,Ellie Fletcher,MK9 3EJ
03/03/2019,36,Andrew Butler,MK16 8JA
11/06/2019,6,Andrea Franklin,MK17 0JE
11/04/2019,7,Jimmy Fields,MK4 4AD
16/12/2019,29,Pedro Warren,LU7 0LU
30/08/2019,13,Dylan Flores,MK16 9HU
13/08/2019,36,Patricia Wagner,MK6 3EA
24/04/2019,11,Ashley Watkins,MK9 1EN
10/04/2019,17,Holly Russell,MK3 5FH
27/01/2019,7,Josh Mason,MK17 9LJ
22/12/2019,11,Ellen Harper,MK4 2HA
16/01/2019,12,Nicky Mccoy,MK19 7NF
17/08/2019,7,Patricia Wagner,MK6 3EA
09/12/2019,33,Cecil Henry,MK10 9JW
19/06/2019,12,Todd Cooper,MK6 3JH
01/11/2019,39,Amy Lawson,MK14 6GG
16/10/2019,7,Kurt Bradley,MK13 0AD
27/12/2019,12,Melissa Campbell,MK13 8DA
17/10/2019,10,Jamie Reynolds,MK19 7HL
28/10/2019,7,Evan Brewer,MK19 7HP
19/08/2019,9,Norman Gordon,MK17 0PN
25/10/2019,5,Russell Cook,MK9 3BQ
03/09/2019,28,Laura Hunter,MK6 2DH
17/10/2019,36,Donna Burns,MK16 9FG
04/12/2019,25,Pat Thompson,MK7 8EH
27/08/2019,12,Jamie Reynolds,MK19 7HL
25/08/2019,26,Laura Reynolds,MK13 0RH
26/10/2019,8,Donald Simmmons,MK19 6DD
04/11/2019,9,Alison Day,MK14 7DW
27/06/2019,35,Caroline Mccoy,MK16 9HG
18/11/2019,10,Carolyn Tucker,MK12 5DW
31/05/2019,15,Andrea Franklin,MK17 0JE
01/04/2019,15,Wade Foster,MK5 7HZ
14/06/2019,32,Ashley Brooks,NN12 7PJ
30/12/2019,7,Sofia Chavez,MK10 7FX
25/02/2019,15,David Gonzalez,MK1 1BN
01/01/2019,10,Ashley Harvey,MK4 4GA
22/04/2019,11,Stephen Willis,MK15 9JY
15/03/2019,10,Vernon Flores,MK15 0BN
09/05/2019,23,Laura Reynolds,MK7 6BB
16/11/2019,17,Victor Davis,MK3 7UL
15/10/2019,35,Lance Day,MK14 6FX
12/05/2019,29,Justin Chavez,MK15 8PE
14/07/2019,18,Leah Alexander,MK19 7AG
29/08/2019,36,Zoe Lawson,MK14 7RR
17/07/2019,30,Patricia Griffin,NN7 2JP
28/12/2019,14,Zander Butler,MK46 5AX
04/04/2019,15,Ashley Watkins,MK9 1EN
05/09/2019,22,Florence Cooper,MK17 0PN
01/10/2019,40,Nicole Little,MK8 0PQ
18/08/2019,28,Emma Burns,MK8 9AA
28/05/2019,10,Manuel Gibson,MK12 5NN
10/12/2019,10,Louis Anderson,MK6 5EY
04/04/2019,29,Corey Hart,MK17 9AA
06/03/2019,40,Andre Little,MK16 8LE
25/08/2019,36,Nicole Little,MK8 0PQ
11/07/2019,13,Brayden Shaw,MK8 9BB
26/04/2019,31,Larry Walker,MK17 9HD
31/03/2019,13,Katherine Rogers,MK17 0RA
27/07/2019,21,Heidi Carr,MK16 9QJ
30/07/2019,10,Sofia Chavez,MK10 7FX
04/10/2019,13,Elizabeth Rogers,MK5 6EQ
20/05/2019,19,Andrew Butler,MK16 8JA
25/02/2019,31,Kimberly Brewer,MK6 5LE
17/12/2019,18,Adam Cook,MK2 3NU
28/09/2019,14,Ed Oliver,MK19 6DF
15/05/2019,9,Jayden Hayes,MK19 7BH
11/04/2019,15,Kate Banks,MK7 6BZ
17/08/2019,4,Abbie Hunter,MK7 7RU
18/05/2019,35,Jennifer Bailey,LU7 0DE
29/12/2019,12,Holly Dixon,MK3 5DS
03/04/2019,36,Catherine Vasquez,MK14 6ET
12/12/2019,11,Stephanie Cook,MK8 9AA
01/09/2019,23,Roland Ryan,MK7 8EG
01/06/2019,21,Justin George,MK16 9PS
17/06/2019,26,Janet Hunter,MK9 3AT
14/09/2019,16,Ashley Harvey,MK4 4GA
14/05/2019,14,Edgar Kim,MK16 8LT
22/11/2019,20,Izzie Terry,MK13 7RA
28/10/2019,23,Marc Hoffman,MK12 5NN
07/06/2019,36,Susan Lynch,MK19 6EG
14/05/2019,5,Perry Lord,MK17 8AF
30/05/2019,7,Isabella Walters,MK17 0BU
05/09/2019,13,Donald Simmmons,MK19 6DD
19/07/2019,9,Morris Moore,MK7 6BY
02/06/2019,34,Ian Davidson,MK46 5AN
05/06/2019,17,Nicole Little,MK8 0PQ
03/05/2019,34,Nicky Mccoy,MK19 7NF
12/01/2019,11,Nicky Mccoy,MK19 7NF
14/02/2019,6,Norman Gordon,MK17 0PN
20/02/2019,16,Suzanne Webb,MK14 7PG
12/12/2019,27,Janet Reynolds,MK6 2PA
12/05/2019,4,Melissa Campbell,MK13 8DA
27/07/2019,33,Judy Reed,MK13 0AT
04/01/2019,19,Britney Frazier,NN7 2HA
07/06/2019,34,Theodore Stone,MK3 5QY
06/09/2019,20,Walter Montgomery,MK46 4DU
07/11/2019,28,Callum Rhodes,MK17 0EB
24/09/2019,25,Vernon Flores,MK15 0BN
17/12/2019,38,Nicky Jensen,MK12 6AZ
21/07/2019,29,Patrick Nelson,NN7 2BH
26/11/2019,29,Jim Byrd,MK14 7QW
01/10/2019,13,Christina Terry,MK16 8JE
02/10/2019,22,Patricia Romero,MK17 0LU
21/12/2019,17,Caroline Henderson,MK16 8NL
22/06/2019,28,Linda Walker,MK19 7EA
11/04/2019,29,Lester Daniels,MK11 1BQ
01/02/2019,22,Eva Torres,MK17 0SS
14/02/2019,25,Karl Gutierrez,MK17 0SP
12/04/2019,20,Armando Newman,MK8 9DJ
18/11/2019,32,Victor Davis,MK3 7UL
22/02/2019,12,Tracey Evans,NN12 7UL
27/05/2019,7,Vanessa Reyes,LU7 0ES
17/04/2019,13,Morris Moore,MK7 6BY
08/04/2019,6,Jeffrey Caldwell,MK11 1NJ
15/10/2019,33,Felix Miles,MK15 0AR
27/08/2019,10,Josh West,MK17 0ST
08/01/2019,12,Alex Hamilton,MK16 9EU
04/07/2019,8,Sammy Pena,MK14 5AE
01/06/2019,7,Victor Elliott,MK16 0HZ
10/12/2019,5,Alvin Perez,MK3 7LD
06/01/2019,28,Carolyn King,MK10 9PJ
20/01/2019,5,Eva Howell,MK4 4NG
19/11/2019,29,Gerald Hernandez,MK5 6DL
01/08/2019,8,Thomas Gardner,MK6 2PG
11/12/2019,37,Patricia Griffin,NN7 2JP
19/06/2019,6,Jon Mcdonalid,MK6 5AA
17/03/2019,13,David Gonzalez,MK1 1BN
25/12/2019,23,Amy Wheeler,MK14 6EZ
11/10/2019,12,Leah Alexander,MK19 7AG
24/09/2019,9,Willie Garrett,LU7 0GF
23/01/2019,8,Maddison Reid,LU7 0DN
26/03/2019,9,Vicki Lucas,MK5 6AY
17/06/2019,10,Clarence Gibson,MK6 4AL
19/01/2019,20,Jenny Peterson,NN12 7QT
12/09/2019,7,Fernando Newman,MK4 4HA
07/09/2019,29,Jason James,MK3 5ES
03/02/2019,5,Eric Porter,MK17 0PD
04/03/2019,13,Kelly Cunningham,MK17 8BP
11/09/2019,27,Laura Reynolds,MK7 6BB
11/02/2019,15,Joel Lawrence,MK17 0HX
24/01/2019,7,Ray Kelly,MK16 0HN
22/02/2019,21,Isabelle Cox,MK16 9NY
15/01/2019,15,Vanessa Reyes,LU7 0ES
17/05/2019,21,Maurice Gibson,MK46 5JH
25/07/2019,25,Gary Hunt,MK11 1FH
09/07/2019,21,Eva Torres,MK17 0SS
07/12/2019,39,Stephanie Cook,MK8 9AA
01/06/2019,10,Holly Russell,MK3 5FH
31/05/2019,17,Alberto Barnett,MK17 9AB
30/06/2019,18,Eva Olson,MK19 7HN
16/07/2019,8,Ricky Hart,MK17 0PJ
11/10/2019,25,Katherine Simpson,MK12 5NN
15/01/2019,13,Olivia Hamilton,MK3 5DH
22/06/2019,10,Freddie Ferguson,MK15 8HG
12/09/2019,7,Lloyd Hunt,MK16 8SR
20/10/2019,33,Ray Kelly,MK16 0HN
06/06/2019,9,Justin Kuhn,MK17 8HN
21/06/2019,9,Ivan Sutton,MK17 0SS
20/12/2019,33,Jayden Hayes,MK19 7BH
23/09/2019,6,Soham Lord,MK19 6DQ
16/09/2019,14,Maya Fisher,MK3 7WN
15/12/2019,17,Teresa Ruiz,MK17 0EZ
19/08/2019,26,Ian Davidson,MK46 5AN
12/02/2019,15,Russell Cook,MK9 3BQ
05/10/2019,9,Troy Stewart,MK16 8LX
08/06/2019,8,Rachel Hoffman,MK19 7BJ
18/04/2019,12,Tracy Herrera,MK17 0PJ
12/08/2019,4,Vicky Hawkins,NN7 1HN
25/03/2019,10,Jon Mcdonalid,MK6 5AA
01/09/2019,7,Kate Kennedy,MK6 2UE
28/01/2019,9,Isaac Harper,MK16 8LX
21/07/2019,9,Lester Nguyen,MK16 8EF
03/03/2019,19,Samantha Hamilton,MK16 8HR
13/05/2019,9,Hanna Stephens,LU7 0LS
19/04/2019,15,Angie Hamilton,MK6 3AY
16/01/2019,8,Vanessa Little,MK12 5TH
01/08/2019,22,Michelle Fleming,MK6 1LA
26/10/2019,23,Sheryl Evans,NN12 7PY
11/06/2019,7,Isabella Walters,MK17 0BU
10/05/2019,25,Rafael Arnold,MK16 9AX
15/01/2019,38,Brennan Horton,LU7 0EU
24/10/2019,27,Suzanna Curtis,MK17 0EB
29/08/2019,28,Theodore Stone,MK3 5QY
28/09/2019,37,Kaitlin Jennings,MK18 3LW
18/03/2019,7,Ella Warren,MK19 6BD
22/07/2019,9,Kate Banks,MK7 6BZ
06/04/2019,30,Katherine Rogers,MK17 0RA
20/01/2019,36,Sara Carroll,LU7 0ES
20/10/2019,15,Rafael Arnold,MK16 9AX
15/02/2019,9,Morris Moore,MK7 6BY
09/12/2019,12,Elizabeth Rogers,MK5 6EQ
21/06/2019,9,Ellie Dean,MK46 5JH
03/08/2019,9,Ellie Fletcher,MK9 3EJ
03/12/2019,9,Kimberly Brewer,MK6 5LE
09/08/2019,29,Alison Watkins,MK9 2ES
17/06/2019,38,Justin George,MK16 9PS
06/04/2019,8,Ed Turner,MK14 7BS
17/01/2019,11,Mandy Lowe,NN7 2FA
31/10/2019,10,Lloyd Hunt,MK16 8SR
02/08/2019,39,Kaitlin Marshall,MK15 9AD
30/12/2019,10,Jamie Reynolds,MK19 7HL
23/10/2019,23,Robert Olson,MK17 9AA
10/01/2019,38,Maria Campbell,MK9 3PX
03/07/2019,9,Samantha Hamilton,MK16 8HR
18/09/2019,8,Suzanne Webb,MK14 7PG
05/11/2019,27,Maddison Cooper,MK4 1LY
20/10/2019,36,Leah Fleming,MK3 7RD
09/04/2019,12,Ashley Sims,LU7 0DU
20/07/2019,20,Angela Morrison,MK16 0LY
18/11/2019,32,Ellen Harper,MK4 2HA
29/09/2019,38,Soham Johnson,MK17 0LQ
29/07/2019,5,Janet Hunter,MK9 3AT
16/05/2019,9,Walter Montgomery,MK46 4DU
23/08/2019,15,Alison Day,MK14 7DW
30/06/2019,28,Charlie Gregory,MK14 5FQ
13/07/2019,5,Brooke Young,MK10 9QB
23/10/2019,29,Caroline Henderson,MK16 8NL
05/10/2019,39,Morris Moore,MK7 6BY
03/10/2019,18,Hunter King,MK46 5AX
22/06/2019,28,Emily Kim,MK3 7RP
25/01/2019,4,Donna Black,MK19 7ND
27/07/2019,12,Christina Terry,MK16 8JE
03/04/2019,39,Sammy Reed,NN7 2HA
17/10/2019,13,Kathy Bryant,MK19 7DR
10/06/2019,14,Isabella Walters,MK17 0BU
09/11/2019,21,Warren Cook,MK19 6BF
22/07/2019,37,Susie Harris,MK14 6GD
19/03/2019,13,Darrell Caldwell,MK3 6LN
06/02/2019,31,Suzanna Curtis,MK17 0EB
29/12/2019,11,Matthew Simpson,MK16 0HX
08/06/2019,5,Sara Nelson,MK4 4AE
25/05/2019,9,Leah Jackson,MK17 0LD
17/02/2019,12,Freddie Ferguson,MK15 8HG
26/05/2019,39,Melissa Cook,MK16 8LF
10/04/2019,34,Rafael Arnold,MK16 9AX
04/09/2019,12,Walter Montgomery,MK46 4DU
24/07/2019,11,Jake Martinez,MK16 0BT
24/06/2019,29,Katherine Stephens,MK6 3EE
26/11/2019,13,Kate Kennedy,MK6 2UE
12/04/2019,27,Gordon Jacobs,MK46 5JH
15/12/2019,15,Andrew Butler,MK16 8JA
28/04/2019,37,Amy Wheeler,MK14 6EZ
06/08/2019,20,Patrick Nelson,NN7 2BH
04/05/2019,9,Jeremiah Brooks,MK17 0LN
10/02/2019,19,Marc Hoffman,MK12 5NN
26/02/2019,15,Susie Harris,MK14 6GD
22/06/2019,20,Josh West,MK17 0ST
13/05/2019,8,Warren Patterson,MK16 8LX
11/07/2019,13,Lance Day,MK14 6FX
20/12/2019,21,Randall Jones,MK6 5JZ
22/01/2019,5,Jose Young,MK6 1BH
04/07/2019,8,Rodney White,MK9 3DA
12/07/2019,25,Eva Olson,MK19 7HN
16/11/2019,18,Amy Wheeler,MK14 6EZ
22/09/2019,11,Mary Hart,MK19 6DU
02/12/2019,17,Rodney White,MK9 3DA
17/08/2019,15,Linda Boyd,MK17 0JW
26/12/2019,37,Alfredo Robertson,MK14 5FU
26/02/2019,5,Neil Davidson,MK14 7QH
13/08/2019,6,Ivan Sutton,MK17 0SS
13/10/2019,7,Nicky Jensen,MK12 6AZ
08/07/2019,26,Javier Thompson,MK13 8NP
02/11/2019,6,Donald Simmmons,MK19 6DD
06/02/2019,36,Edgar Kim,MK16 8LT
20/11/2019,26,Louis Anderson,MK6 5EY
21/07/2019,35,Terry Douglas,MK14 5BJ
23/11/2019,6,Olivia Hamilton,MK3 5DH
12/01/2019,25,Patricia Ferguson,NN12 7QL
18/12/2019,13,Kate Banks,MK7 6BZ
13/12/2019,23,Kenneth Pierce,MK8 0PE
24/07/2019,19,Laura Hunter,MK6 2DH
03/09/2019,37,Rafael Larson,MK3 5LA
01/04/2019,19,Alfredo Robertson,MK14 5FU
02/07/2019,13,Elizabeth Rogers,MK5 6EQ
25/08/2019,40,Josh West,MK17 0ST
27/08/2019,9,Carol Dixon,MK14 6AT
05/03/2019,36,Ashley Sims,LU7 0DU
10/02/2019,12,Gilbert Holmes,MK9 3QA
17/09/2019,24,Sofia Martinez,MK19 6DU
01/06/2019,29,Vernon Flores,MK15 0BN
13/01/2019,8,Zoe Lawson,MK14 7RR
05/03/2019,34,Emma Burns,MK8 9AA
13/07/2019,13,Guy Hoffman,MK6 5DN
31/10/2019,39,Victor Elliott,MK16 0HZ
21/03/2019,32,Sheryl Evans,NN12 7PY
03/04/2019,7,Ellie Matthews,MK16 8QR
05/05/2019,12,Julio Collins,MK19 6EJ
16/05/2019,39,Katie Burns,MK19 6EB
25/01/2019,11,Jennifer Bailey,LU7 0DE
21/01/2019,12,Ella Warren,MK19 6BD
17/07/2019,24,Gilbert Jackson,MK16 8LT
21/05/2019,11,Frank Young,MK16 9DY
06/08/2019,5,Heather Hayes,MK16 8LT
20/02/2019,9,Rachel Hoffman,MK19 7BJ
22/09/2019,18,Dwayne Bailey,MK19 7DX
14/12/2019,38,Eva Howell,MK4 4NG
26/05/2019,22,Victor Davis,MK3 7UL
21/07/2019,6,Heidi Owens,NN7 1HF
23/07/2019,6,Ella Warren,MK19 6BD
27/10/2019,12,Julia Matthews,MK12 5EA
30/10/2019,26,Andrew Butler,MK16 8JA
18/05/2019,39,Izzie Terry,MK13 7RA
04/01/2019,18,Leah Fleming,MK3 7RD
11/12/2019,10,Ricardo Robinson,MK19 7BU
11/06/2019,25,Terry Douglas,MK14 5BJ
16/07/2019,20,Lance Day,MK14 6FX
15/06/2019,21,Javier Thompson,MK13 8NP
24/07/2019,34,Alan Weaver,MK17 0BQ
09/11/2019,5,Thomas Gardner,MK6 2PG
13/10/2019,14,Hanna Stephens,LU7 0LS
22/06/2019,7,Neil Davidson,MK14 7QH
19/04/2019,39,Deborah Sims,MK15 0DD
29/12/2019,18,Dustin Hudson,MK16 8EP
05/06/2019,12,Zander Butler,MK46 5AX
15/06/2019,10,Angie Fernandez,MK16 8LN
11/07/2019,8,Alfred Reid,MK3 5QY
17/01/2019,22,Gary Hunt,MK11 1FH
02/12/2019,27,Jake Martinez,MK16 0BT
06/09/2019,28,Ellie Holland,MK16 8LG
28/12/2019,9,Rafael Arnold,MK16 9AX
05/05/2019,8,Terry Douglas,MK14 5BJ
26/08/2019,22,Janet Hunter,MK9 3AT
12/08/2019,33,Susie Harris,MK14 6GD
25/09/2019,4,Angie Hamilton,MK6 3AY
04/08/2019,9,Caroline Henderson,MK16 8NL
15/11/2019,40,Perry Lord,MK17 8AF
24/12/2019,25,Alberto Barnett,MK17 9AB
27/01/2019,10,Carlos Mcdonalid,MK17 8DL
10/04/2019,35,Ella Warren,MK19 6BD
12/01/2019,8,Tony Richardson,MK14 7AJ
04/05/2019,10,Angie Bowman,MK46 4AF
29/06/2019,14,Holly Dixon,MK3 5DS
22/09/2019,12,Kenneth Pierce,MK8 0PE
22/09/2019,34,Kenneth Pierce,MK8 0PE
09/01/2019,26,Terry Douglas,MK14 5BJ
23/02/2019,12,Tracy Herrera,MK17 0PJ
30/01/2019,9,Caroline Mccoy,MK16 9HG
30/06/2019,21,Janet Reynolds,MK6 2PA
07/05/2019,16,Sammy Reed,NN7 2HA
22/12/2019,23,Florence Cooper,MK17 0PN
12/12/2019,4,Katherine Rogers,MK17 0RA
29/09/2019,34,Sheryl Evans,NN12 7PY
27/12/2019,5,Bob Cole,MK17 9AA
03/09/2019,35,Ricardo Robinson,MK19 7BU
20/05/2019,35,Laura Hunter,MK6 2DH
17/10/2019,39,Alfredo Robertson,MK14 5FU
10/11/2019,37,Reginald Bates,MK17 0NA
17/10/2019,37,Lloyd Hunt,MK16 8SR
19/08/2019,10,Ricardo Fisher,LU7 0DN
25/06/2019,19,Ricardo Larson,MK19 6BH
01/03/2019,31,Willie Garrett,LU7 0GF
04/09/2019,29,Soham Johnson,MK17 0LQ
21/10/2019,14,Carter Newman,MK10 9GP
06/03/2019,23,Ed Oliver,MK19 6DF
13/01/2019,19,Roland Ryan,MK7 8EG
23/05/2019,20,Sam Stanley,MK15 0DJ
31/07/2019,38,Isaac Harper,MK16 8LX
02/02/2019,31,Stanley Powell,MK16 9HH
04/12/2019,33,Ricky Hart,MK17 0PJ
25/12/2019,15,Maddison Chapman,MK19 7DF
03/08/2019,36,Paul Thompson,MK46 5LB
26/06/2019,24,Frankie Pena,MK19 6HL
27/07/2019,10,Laura Payne,MK15 9AY
27/01/2019,6,Alex Bailey,MK6 5LA
19/03/2019,6,Olivia Pearson,LU7 0EP
23/11/2019,11,Sophie Simmmons,MK10 0BN
12/08/2019,4,Eliza Gonzalez,MK17 0EA
07/01/2019,28,Willie Burton,MK43 0TG
10/05/2019,5,Vernon Flores,MK15 0BN
26/08/2019,25,Mary Howard,NN12 7TH
21/08/2019,32,Rene Riley,MK4 4JL
03/06/2019,9,Terry Cole,MK4 3GB
07/01/2019,30,Carol Perez,MK15 9AW
23/12/2019,40,Pat Thompson,MK7 8EH
30/01/2019,5,Willie Burton,MK43 0TG
18/11/2019,18,Stanley Powell,MK16 9HH
21/06/2019,19,Wallace Wagner,MK13 7LG
11/09/2019,16,Tracy Byrd,MK19 7AW
05/09/2019,9,Mary Hart,MK19 6DU
17/06/2019,26,Roland Ryan,MK7 8EG
27/01/2019,19,Marc Hoffman,MK12 5NN
16/04/2019,21,Maya Butler,MK12 6HG
12/11/2019,36,Sarah Terry,MK10 1SA
28/07/2019,11,Mandy Lowe,NN7 2FA
08/11/2019,31,Rich Kelly,MK17 0EJ
17/03/2019,6,Sara Carroll,LU7 0ES
03/09/2019,13,Susan Ortiz,MK4 1BZ
06/02/2019,39,Rachel Hoffman,MK19 7BJ
14/10/2019,17,Lillian Tucker,MK19 7DE
26/04/2019,35,Byron Mills,MK19 7EB
23/09/2019,11,Sofia Chavez,MK10 7FX
31/07/2019,12,Maria Davidson,MK17 8BT
17/01/2019,14,Dwayne Bailey,MK19 7DX
01/03/2019,18,Robert Olson,MK17 9AA
25/06/2019,6,Mary Howard,NN12 7TH
31/10/2019,29,Eli Walker,MK6 4AL
17/12/2019,38,Josef Graves,MK9 4AN
04/12/2019,13,Soham Johnson,MK17 0LQ
27/12/2019,11,Theodore Stone,MK3 5QY
13/03/2019,21,Holly Dixon,MK3 5DS
24/05/2019,35,Gilbert Jackson,MK16 8LT
08/10/2019,17,Catherine Vasquez,MK14 6ET
10/05/2019,13,Shaun Macrae,MK11 1FH
01/09/2019,6,Angie Parker,MK17 0SJ
18/05/2019,20,Lance Jackson,MK5 8GH
20/02/2019,34,Grace Gardner,MK9 2FL
16/12/2019,21,Bradley Hicks,MK19 7NF
12/05/2019,12,Caroline Castillo,MK19 7HN
14/01/2019,35,Christina Oliver,MK17 0HY
19/12/2019,35,Izzie Terry,MK13 7RA
28/06/2019,26,Katie Griffin,MK12 6AS
23/08/2019,18,Randall Jones,MK6 5JZ
12/01/2019,6,Eric Porter,MK17 0PD
18/12/2019,9,Soham Lord,MK19 6DQ
04/04/2019,30,Lucas or luke Jones,MK4 4BX
06/10/2019,34,Janet Reynolds,MK6 2PA
08/01/2019,21,Louis Anderson,MK6 5EY
23/07/2019,15,Katie Burns,MK19 6EB
02/07/2019,36,Javier Thompson,MK13 8NP
28/06/2019,19,Ellie Fletcher,MK9 3EJ
29/01/2019,9,Warren Patterson,MK16 8LX
23/02/2019,8,Connor Turner,MK9 1DG
06/12/2019,28,Ashley Watkins,MK9 1EN
04/05/2019,10,Dwayne Bailey,MK19 7DX
05/04/2019,34,Fernando Newman,MK4 4HA
06/07/2019,15,Manuel Gibson,MK12 5NN
22/04/2019,37,Judith Garza,MK9 3EJ
22/12/2019,4,Ellie Holland,MK16 8LG
28/12/2019,36,Angie Price,MK9 3HP
28/02/2019,15,Zander Butler,MK46 5AX
14/12/2019,37,Kate Douglas,LU7 0BJ
16/01/2019,14,Isabella Rose,MK16 9EU
09/11/2019,37,Byron Mills,MK19 7EB
07/04/2019,9,Christina Terry,MK16 8JE
06/04/2019,8,Sara Nelson,MK4 4AE
12/12/2019,32,Kelly Macrae,MK13 7LQ
16/09/2019,15,Edgar Kim,MK16 8LT
14/07/2019,4,Neil Davidson,MK14 7QH
13/10/2019,6,Shaun Macrae,MK11 1FH
25/10/2019,30,Hanna Stephens,LU7 0LS
04/05/2019,38,Wade Clark,MK46 5EJ
01/12/2019,8,Rosie Gardner,MK46 5JQ
27/05/2019,21,Ian Davidson,MK46 5AN
04/04/2019,28,Alex Hamilton,MK16 9EU
21/08/2019,36,Bob Cole,MK17 9AA
23/02/2019,12,Alison Watkins,MK9 2ES
02/03/2019,24,Byron Mills,MK19 7EB
06/04/2019,35,Charlie Gregory,MK14 5FQ
18/03/2019,14,Teresa Ruiz,MK17 0EZ
17/09/2019,4,Lucy Armstrong,MK9 1AU
01/11/2019,31,Randy Griffin,MK7 7BW
12/03/2019,21,Norman Gordon,MK17 0PN
19/05/2019,33,Morris Moore,MK7 6BY
01/07/2019,10,Maria Davidson,MK17 8BT
04/08/2019,10,Troy Stewart,MK16 8LX
05/09/2019,4,Carol Dixon,MK14 6AT
14/07/2019,9,Charlotte Gardner,MK14 7AR
07/06/2019,26,Bob Cole,MK17 9AA
27/06/2019,12,Britney Frazier,NN7 2HA
04/04/2019,6,Ed Turner,MK14 7BS
04/09/2019,33,Olivia Pearson,LU7 0EP
05/09/2019,24,Ella Warren,MK19 6BD
03/03/2019,4,Jeremiah Brooks,MK17 0LN
16/11/2019,11,Jim Byrd,MK14 7QW
21/07/2019,8,Warren Cook,MK19 6BF
25/06/2019,30,Josef Graves,MK9 4AN
10/11/2019,24,Wallace Wagner,MK13 7LG
30/08/2019,28,Bradley Hicks,MK19 7NF
01/08/2019,8,Mandy Mccoy,MK5 8AA
17/01/2019,39,Amber Kim,MK3 5FR
18/06/2019,18,Manuel Gibson,MK12 5NN
18/09/2019,35,Lester Nguyen,MK16 8EF
09/11/2019,6,Maddison Miles,MK6 5AP
16/09/2019,14,Chris Wright,MK17 9PW
20/01/2019,5,Nicky Jensen,MK12 6AZ
12/04/2019,11,Elizabeth Rogers,MK5 6EQ
13/06/2019,35,Shaun Macrae,MK11 1FH
09/06/2019,11,Sammy Pena,MK14 5AE
11/05/2019,8,Ellie Matthews,MK16 8QR
09/08/2019,33,Judith Garza,MK9 3EJ
11/06/2019,10,Holly Dixon,MK3 5DS
12/09/2019,21,Alex Bailey,MK6 5LA
24/06/2019,13,Eli Walker,MK6 4AL
09/03/2019,4,Vicki Lucas,MK5 6AY
04/02/2019,24,Catherine Vasquez,MK14 6ET
05/02/2019,33,Heather Wood,MK14 7DW
17/06/2019,6,Bob Cole,MK17 9AA
11/06/2019,30,Vernon Flores,MK15 0BN
12/05/2019,34,Vicky Hawkins,NN7 1HN
17/10/2019,10,Vernon Flores,MK15 0BN
18/07/2019,8,Josef Watkins,MK5 8PJ
17/02/2019,30,Maya Fisher,MK3 7WN
23/03/2019,15,Lillian Tucker,MK19 7DE
16/04/2019,22,Mary Hart,MK19 6DU
10/01/2019,6,Christina Sullivan,MK16 9JL
29/05/2019,25,Dylan Flores,MK16 9HU
11/01/2019,35,Caroline Castillo,MK19 7HN
30/01/2019,17,Grace Gardner,MK9 2FL
05/04/2019,10,Sophie Simmmons,MK10 0BN
25/07/2019,33,Faith Ford,MK16 9HG
21/08/2019,7,Larry Mitchell,MK3 5NS
15/09/2019,9,Patrick Nelson,NN7 2BH
05/12/2019,39,Adrian Warren,MK14 7DT
06/04/2019,15,Tyrone Lowe,LU7 0DB
12/11/2019,20,Maria Davidson,MK17 8BT
22/05/2019,9,Jeffrey Caldwell,MK11 1NJ
15/12/2019,10,Sarah Terry,MK10 1SA
30/08/2019,10,Judith Fowler,MK16 8LQ
24/11/2019,18,Emma Burns,MK8 9AA
19/11/2019,36,Jon Mcdonalid,MK6 5AA
15/08/2019,31,Katherine Rogers,MK17 0RA
18/02/2019,35,Matthew Simpson,MK16 0HX
19/05/2019,39,Brooke Young,MK10 9QB
30/06/2019,40,Wallace Wagner,MK13 7LG
07/08/2019,7,Ivan Sutton,MK17 0SS
23/02/2019,19,Pedro Warren,LU7 0LU
23/04/2019,29,Carolyn King,MK10 9PJ
25/02/2019,7,Rosalyn Ross,MK10 9UH
26/07/2019,38,Andrew Butler,MK16 8JA
15/10/2019,6,Dylan Flores,MK16 9HU
18/03/2019,21,Hugh Stevens,MK13 7AY
12/01/2019,21,Chris Wright,MK17 9PW
12/11/2019,28,Suzanne Jennings,MK13 8EQ
27/03/2019,15,Hunter King,MK46 5AX
09/08/2019,36,Perry Lord,MK17 8AF
06/07/2019,22,Kurt Bradley,MK13 0AD
31/07/2019,38,Cory Gray,MK9 2DH
29/05/2019,9,Janet Hunter,MK9 3AT
15/05/2019,32,Walter Montgomery,MK46 4DU
10/02/2019,35,Russell Cook,MK9 3BQ
19/07/2019,20,Angie Harper,MK16 8LT
27/02/2019,13,Frank Young,MK16 9DY
02/05/2019,9,Rick Willis,MK9 3EJ
02/01/2019,29,Luke Hoffman,MK19 6DG
17/11/2019,13,Christina Sullivan,MK16 9JL
11/03/2019,15,Dick Green,MK46 5AF
23/09/2019,30,Kimberly Knight,MK6 3BX
29/04/2019,35,Katherine Simpson,MK12 5NN
09/01/2019,40,Maria Davidson,MK17 8BT
08/01/2019,36,Alison Day,MK14 7DW
13/01/2019,23,Maria Campbell,MK9 3PX
12/08/2019,16,Jimmy Fields,MK4 4AD
20/05/2019,12,Donna Burns,MK16 9FG
15/08/2019,16,Rene Riley,MK4 4JL
24/11/2019,5,Jon Mcdonalid,MK6 5AA
27/08/2019,25,Eliza Gonzalez,MK17 0EA
28/04/2019,17,Hugh Stanley,MK17 0EG
26/10/2019,13,Dick Green,MK46 5AF
13/10/2019,30,Andre Frazier,MK14 7AR
07/03/2019,4,Catherine Shaw,MK8 9DY
09/11/2019,17,Steven Austin,LU7 0UU
01/04/2019,6,Lillian Watkins,MK13 7LL
06/05/2019,14,Robert Olson,MK17 9AA
15/11/2019,11,Alex May,MK6 5AD
10/09/2019,34,Jayden Hayes,MK19 7BH
12/04/2019,8,Gerald Hernandez,MK5 6DL
18/10/2019,26,Lloyd Hunt,MK16 8SR
25/01/2019,11,Rafael Larson,MK3 5LA
03/02/2019,6,Brooke Young,MK10 9QB
25/05/2019,8,Nicholas Harris,MK4 3BT
13/02/2019,35,Eva Harrison,MK8 9LG
09/08/2019,6,Jim Byrd,MK14 7QW
10/12/2019,39,Jimmy Fields,MK4 4AD
18/08/2019,12,Claude Taylor,MK16 9JP
21/12/2019,11,Frank Young,MK16 9DY
19/11/2019,26,Ethan Wood,MK6 2HU
28/03/2019,21,Tracy Byrd,MK19 7AW
02/12/2019,38,Mary Howard,NN12 7TH
12/07/2019,27,Susanna Tucker,NN7 2BH
19/04/2019,22,Nicole Little,MK8 0PQ
18/07/2019,23,Tracey Evans,NN12 7UL
27/07/2019,38,Vernon Flores,MK15 0BN
23/11/2019,11,Olivia Hamilton,MK3 5DH
27/10/2019,5,Adrian Warren,MK14 7DT
15/03/2019,35,Carol Dixon,MK14 6AT
17/02/2019,33,Ellie Holland,MK16 8LG
30/04/2019,34,Perry Lord,MK17 8AF
24/01/2019,26,Teresa Ruiz,MK17 0EZ
27/02/2019,15,Victoria Graham,MK14 5AH
28/02/2019,34,Emily Kim,MK3 7RP
07/04/2019,10,Alex Bailey,MK6 5LA
31/03/2019,10,Jimmy Fields,MK4 4AD
20/08/2019,33,Kelly Cunningham,MK17 8BP
21/06/2019,6,Charlie Gregory,MK14 5FQ
06/07/2019,4,Katie Griffin,MK12 6AS
14/10/2019,21,Anna Collins,MK3 7SY
08/05/2019,32,Christina Sullivan,MK16 9JL
23/06/2019,35,Clarence Hunter,MK9 2AJ
05/09/2019,19,Eva Howell,MK4 4NG
14/04/2019,32,Isabella Carr,MK19 6EL
09/03/2019,11,Amber Rose,MK17 7AJ
08/03/2019,34,Lucas or luke Jones,MK4 4BX
11/03/2019,28,Melissa Campbell,MK13 8DA
28/06/2019,30,Jessie Ramos,MK13 8RA
16/05/2019,27,Kimberly Reyes,MK17 0PN
05/08/2019,5,Patricia Wagner,MK6 3EA
18/02/2019,9,Kaitlin Jennings,MK18 3LW
08/06/2019,9,Karen Carr,LU7 0EU
25/08/2019,13,Emma Burns,MK8 9AA
20/04/2019,4,Julia Alvarez,MK14 6FS
09/09/2019,19,Justin Kuhn,MK17 8HN
26/11/2019,10,Maurice Gibson,MK46 5JH
02/09/2019,10,Ronald Garcia,MK6 1LA
27/05/2019,17,Bob Cole,MK17 9AA
29/09/2019,29,Cecil Henry,MK10 9JW
18/04/2019,15,Rosalyn Ross,MK10 9UH
29/01/2019,13,Alexandra Black,LU7 0ES
31/01/2019,25,Vanessa Little,MK12 5TH
18/03/2019,7,Freddie Ferguson,MK15 8HG
27/01/2019,32,Isabella Walters,MK17 0BU
06/01/2019,35,Patricia Romero,MK17 0LU
04/02/2019,33,Judith Carr,MK19 7HA
30/05/2019,4,David Gonzalez,MK1 1BN
05/04/2019,39,Ron Wallace,MK4 4LQ
23/07/2019,31,Laura Hunter,MK6 2DH
21/02/2019,37,Rosie Gomez,MK13 7DU
05/04/2019,15,Callum Rhodes,MK17 0EB
24/10/2019,7,Kelly Cunningham,MK17 8BP
29/12/2019,34,Josh West,MK17 0ST
14/04/2019,23,Adam Cook,MK2 3NU
09/05/2019,30,Maria Campbell,MK9 3PX
17/09/2019,5,Caitlin Ramos,MK19 6NR
19/01/2019,13,Susie Harris,MK14 6GD
08/01/2019,5,Heather Hayes,MK16 8LT
17/08/2019,13,Stephen Willis,MK15 9JY
14/08/2019,39,Ricardo Robinson,MK19 7BU
24/09/2019,11,Gordon Jacobs,MK46 5JH
19/10/2019,10,Heather Hoffman,MK9 2HQ
03/07/2019,14,Lily King,MK14 5QR
31/03/2019,34,Elizabeth Rogers,MK5 6EQ
20/02/2019,4,Eva Olson,MK19 7HN
08/11/2019,28,Marion Reynolds,MK17 0NF
18/06/2019,39,Vernon Flores,MK15 0BN
19/12/2019,39,Josef Graves,MK9 4AN
19/07/2019,22,Walter Montgomery,MK46 4DU
07/05/2019,12,Lily King,MK14 5QR
02/09/2019,10,Mathew Howell,MK4 4TX
21/07/2019,9,Darrell Gregory,MK16 8LT
03/05/2019,10,Donna Black,MK19 7ND
12/03/2019,9,Walter Montgomery,MK46 4DU
17/06/2019,13,Nicole Little,MK8 0PQ
02/09/2019,26,Deborah Chambers,MK6 1BA
28/01/2019,24,Ellie Holland,MK16 8LG
30/06/2019,12,Connor Fuller,MK19 6DS
10/08/2019,28,Teresa Martin,MK10 9NA
06/04/2019,30,Catherine Shaw,MK8 9DY
30/07/2019,5,Walter Montgomery,MK46 4DU
18/08/2019,10,Rafael Larson,MK3 5LA
05/12/2019,21,Ellie Fletcher,MK9 3EJ
28/10/2019,10,Reginald Bates,MK17 0NA
06/08/2019,28,Eli Walker,MK6 4AL
31/05/2019,26,Kimberly Brewer,MK6 5LE
18/11/2019,20,Paul Thompson,MK46 5LB
12/01/2019,33,Joseph Walters,MK4 1EU
27/12/2019,12,Angie Bowman,MK46 4AF
18/08/2019,7,Evan Brewer,MK19 7HP
16/04/2019,36,Manuel Gibson,MK12 5NN
24/02/2019,28,Hunter King,MK46 5AX
14/12/2019,5,Linda Boyd,MK17 0JW
06/01/2019,34,Cecil Henry,MK10 9JW
25/10/2019,33,Carter Newman,MK10 9GP
03/11/2019,4,Sammy Pena,MK14 5AE
03/07/2019,9,Willie Burton,MK43 0TG
14/06/2019,15,Lillian Watkins,MK13 7LL
01/10/2019,22,Donna Burns,MK16 9FG
23/06/2019,34,Austin Montgomery,MK19 7DP
17/09/2019,38,Stanley Elliott,MK16 0JA
27/08/2019,27,Cory Gray,MK9 2DH
05/05/2019,16,Justin Kuhn,MK17 8HN
01/10/2019,8,Jake Martinez,MK16 0BT
27/11/2019,13,Gordon Jacobs,MK46 5JH
11/09/2019,15,Josh Mason,MK17 9LJ
16/10/2019,6,Leah Alexander,MK19 7AG
31/01/2019,36,Christina Sullivan,MK16 9JL
17/01/2019,31,Ed Turner,MK14 7BS
01/03/2019,40,Same Alexander,MK16 8NY
20/06/2019,20,Perry Lord,MK17 8AF
06/10/2019,12,Hanna Stephens,LU7 0LS
27/07/2019,5,Mary Howard,NN12 7TH
04/03/2019,24,Hanna Stephens,LU7 0LS
15/02/2019,15,Stanley Elliott,MK16 0JA
05/03/2019,12,Maddison Miles,MK6 5AP
19/08/2019,31,Caitlin Ramos,MK19 6NR
04/02/2019,17,Ashley Brooks,NN12 7PJ
17/02/2019,31,Izzie Terry,MK13 7RA
30/04/2019,14,Darrell Caldwell,MK3 6LN
21/08/2019,10,Gilbert Holmes,MK9 3QA
25/03/2019,12,Kaitlin Jennings,MK18 3LW
13/06/2019,40,Michelle Fleming,MK6 1LA
22/05/2019,11,Armando Newman,MK8 9DJ
21/11/2019,10,Sean Hughes,MK19 7HQ
09/09/2019,30,Susan Soto,MK6 4NA
03/01/2019,31,Terry Douglas,MK14 5BJ
17/01/2019,14,Deborah Pena,MK17 0LN
07/02/2019,30,Amy Lawson,MK14 6GG
06/08/2019,11,Janet Hunter,MK9 3AT
05/12/2019,7,Marion Reynolds,MK17 0NF
06/05/2019,9,Kate Banks,MK7 6BZ
16/09/2019,35,Patrick Nelson,NN7 2BH
14/07/2019,23,Mary Hart,MK19 6DU
13/09/2019,12,Vernon Flores,MK15 0BN
13/05/2019,35,Lance Day,MK14 6FX
19/06/2019,30,Carolyn King,MK10 9PJ
24/08/2019,36,Justin George,MK16 9PS
27/06/2019,36,Adrian Warren,MK14 7DT
24/07/2019,4,Tracy Byrd,MK19 7AW
03/08/2019,16,Linda Boyd,MK17 0JW
06/01/2019,9,Matthew Simpson,MK16 0HX
02/12/2019,12,Grace Gardner,MK9 2FL
13/12/2019,35,Caroline Castillo,MK19 7HN
10/03/2019,35,Willie Garrett,LU7 0GF
28/10/2019,26,Vicky Hawkins,NN7 1HN
26/06/2019,6,Leah Alexander,MK19 7AG
18/05/2019,5,Judy Reed,MK13 0AT
07/12/2019,38,Alison Murray,MK5 7AY
02/09/2019,34,Corey Hart,MK17 9AA
28/06/2019,31,Randall Jones,MK6 5JZ
10/11/2019,15,Vicky Hawkins,NN7 1HN
14/01/2019,10,Sean Hughes,MK19 7HQ
19/10/2019,10,Caitlin Ramos,MK19 6NR
25/08/2019,7,Jake Martinez,MK16 0BT
31/10/2019,25,Kimberly Knight,MK6 3BX
13/11/2019,16,Judith Fowler,MK16 8LQ
07/12/2019,32,Maddison Reid,LU7 0DN
26/01/2019,27,Gerald Hernandez,MK5 6DL
24/03/2019,32,Gary Hunt,MK11 1FH
15/01/2019,17,Roger Davis,MK19 7HJ
25/08/2019,37,Jeremiah Brooks,MK17 0LN
27/04/2019,21,Pedro Warren,LU7 0LU
15/06/2019,7,Rosie Gomez,MK13 7DU
10/08/2019,25,Patricia Ferguson,NN12 7QL
29/11/2019,11,David Gonzalez,MK1 1BN
12/08/2019,30,Gerald Hernandez,MK5 6DL
31/08/2019,30,Maria Campbell,MK9 3PX
12/12/2019,8,Heather Hoffman,MK9 2HQ
12/06/2019,9,Janet Hunter,MK9 3AT
04/10/2019,10,Ernest Carroll,MK16 8NY
26/03/2019,31,Olivia Hamilton,MK3 5DH
05/06/2019,39,Wade Foster,MK5 7HZ
12/01/2019,14,Angie Parker,MK17 0SJ
10/10/2019,7,Vernon Mcdonalid,MK17 0EG
07/03/2019,6,Sammy Reed,NN7 2HA
15/05/2019,38,Kaitlin Jennings,MK18 3LW
24/06/2019,17,Carolyn Tucker,MK12 5DW
03/09/2019,30,Ricardo Larson,MK19 6BH
01/09/2019,27,Amy Wheeler,MK14 6EZ
16/05/2019,11,Laura Reynolds,MK13 0RH
27/12/2019,17,Lance Jackson,MK5 8GH
25/12/2019,9,Ed Turner,MK14 7BS
22/10/2019,18,Wade Foster,MK5 7HZ
17/06/2019,15,Eva Howell,MK4 4NG
31/10/2019,4,Carol Perez,MK15 9AW
05/03/2019,9,Susan Myers,MK13 7QT
30/08/2019,5,Olivia Pearson,LU7 0EP
16/10/2019,34,Katie Griffin,MK12 6AS
11/09/2019,14,Eric Porter,MK17 0PD
28/01/2019,33,Nicky Jensen,MK12 6AZ
31/05/2019,8,Patricia Griffin,NN7 2JP
04/05/2019,16,Melissa Campbell,MK13 8DA
03/09/2019,18,Christina Sullivan,MK16 9JL
09/06/2019,17,Lillian Tucker,MK19 7DE
25/09/2019,24,Byron Mills,MK19 7EB
06/12/2019,25,Heather Hayes,MK16 8LT
02/11/2019,10,Byron Mills,MK19 7EB
18/11/2019,10,Connor Turner,MK9 1DG
26/02/2019,9,Art Black,MK6 2XA
19/10/2019,9,Katie Burns,MK19 6EB
27/10/2019,21,Elizabeth Rogers,MK5 6EQ
25/03/2019,36,Robert Olson,MK17 9AA
15/05/2019,5,Alex Hamilton,MK16 9EU
22/02/2019,24,Connor Fuller,MK19 6DS
15/07/2019,8,Steve Ray,MK17 8DA
04/03/2019,5,Kelly Cunningham,MK17 8BP
30/08/2019,39,Debbie Hughes,MK16 0NA
16/10/2019,8,Ricky Hart,MK17 0PJ
22/07/2019,17,Kimberly Brewer,MK6 5LE
27/11/2019,7,Carolyn Tucker,MK12 5DW
13/07/2019,13,Mary Howard,NN12 7TH
23/01/2019,26,Kaitlin Marshall,MK15 9AD
24/03/2019,10,Nicholas Harris,MK4 3BT
28/01/2019,21,Connor Turner,MK9 1DG
27/05/2019,34,Susan Ortiz,MK4 1BZ
28/02/2019,21,Rosie Gardner,MK46 5JQ
07/01/2019,19,Donna Burns,MK16 9FG
20/08/2019,32,Melissa Campbell,MK13 8DA
14/10/2019,5,Wallace Wagner,MK13 7LG
01/08/2019,12,Hugh Stevens,MK13 7AY
19/06/2019,33,Hugh Stevens,MK13 7AY
06/10/2019,12,Darrell Gregory,MK16 8LT
25/11/2019,21,Katherine Rogers,MK17 0RA
23/07/2019,7,Justin Chavez,MK15 8PE
26/01/2019,6,Kelly Brooks,MK19 6EA
02/08/2019,6,Katherine Simpson,MK12 5NN
06/12/2019,8,Jessie Ramos,MK13 8RA
04/01/2019,14,Kathy Bryant,MK19 7DR
19/03/2019,12,Catherine Vasquez,MK14 6ET
07/02/2019,7,Shaun Macrae,MK11 1FH
23/12/2019,39,Isaac Harper,MK16 8LX
05/09/2019,29,Gilbert Jackson,MK16 8LT
27/11/2019,6,Roger Silva,MK17 0LD
21/05/2019,24,Kate Banks,MK7 6BZ
22/12/2019,33,Noah Turner,MK19 7DE
10/07/2019,20,Kelly Brooks,MK19 6EA
10/05/2019,7,Pat Thompson,MK7 8EH
11/07/2019,37,Evan Brewer,MK19 7HP
25/11/2019,15,Jeremy Hart,MK6 2UJ
23/12/2019,14,Julio Collins,MK19 6EJ
01/06/2019,35,Judy George,MK6 2JS
14/09/2019,15,Teresa Hill,MK8 9LG
10/02/2019,24,Julia Alvarez,MK14 6FS
25/09/2019,6,Donna Black,MK19 7ND
13/01/2019,11,Caroline Mcdonalid,MK19 6DF
20/07/2019,12,Callum Rhodes,MK17 0EB
08/03/2019,14,Caroline Mccoy,MK16 9HG
27/07/2019,10,Brooke Young,MK10 9QB
16/10/2019,9,Kelly Brooks,MK19 6EA
18/06/2019,6,Heidi Owens,NN7 1HF
04/09/2019,18,Heather Wood,MK14 7DW
27/01/2019,13,Julia Alvarez,MK14 6FS
31/01/2019,8,Brooke Jensen,MK7 6HE
22/11/2019,14,Emily Kim,MK3 7RP
19/03/2019,7,Jamie Reynolds,MK19 7HL
24/09/2019,21,Brayden Shaw,MK8 9BB
28/05/2019,25,Vanessa Little,MK12 5TH
29/04/2019,10,Alexandra Spencer,MK17 9BN
13/06/2019,12,Joseph Walters,MK4 1EU
21/07/2019,5,Kathy Bryant,MK19 7DR
14/10/2019,23,Reginald Bates,MK17 0NA
25/09/2019,27,Jose Young,MK6 1BH
15/04/2019,13,Elizabeth Rogers,MK5 6EQ
13/12/2019,16,Warren Patterson,MK16 8LX
23/05/2019,8,Edgar Kim,MK16 8LT
16/07/2019,35,Angie Fernandez,MK16 8LN
02/09/2019,16,Donna Black,MK19 7ND
23/08/2019,12,Ethan Wood,MK6 2HU
04/12/2019,21,Chris Wright,MK17 9PW
03/04/2019,21,Kaitlin Jennings,MK18 3LW
04/11/2019,6,Andre Little,MK16 8LE
24/04/2019,19,Alfred Reid,MK3 5QY
08/12/2019,6,Wallace Wagner,MK13 7LG
22/01/2019,4,Janet Reynolds,MK6 2PA
14/09/2019,39,Teresa Martin,MK10 9NA
01/09/2019,10,Catherine Shaw,MK8 9DY
12/09/2019,4,Isabelle Cox,MK16 9NY
14/02/2019,39,Sara Carroll,LU7 0ES
22/01/2019,24,Justin Kuhn,MK17 8HN
21/09/2019,29,Amy Wheeler,MK14 6EZ
08/06/2019,15,Maurice Gibson,MK46 5JH
14/04/2019,15,Jeffrey Caldwell,MK11 1NJ
06/02/2019,15,Sara Nelson,MK4 4AE
01/02/2019,28,Catherine Shaw,MK8 9DY
03/08/2019,12,Wade Foster,MK5 7HZ
03/07/2019,25,Kenneth Pierce,MK8 0PE
11/09/2019,13,Eva Harrison,MK8 9LG
15/03/2019,5,Terry Cole,MK4 3GB
08/09/2019,17,Ricardo Robinson,MK19 7BU
24/02/2019,17,Amber Kim,MK3 5FR
19/12/2019,29,Eva Torres,MK17 0SS
28/06/2019,34,Justin George,MK16 9PS
02/08/2019,27,Neil Davidson,MK14 7QH
28/09/2019,18,Willie Burton,MK43 0TG
05/03/2019,10,Alex Watkins,MK16 0HX
17/08/2019,13,Faith Ford,MK16 9HG
03/02/2019,38,Bradley Hicks,MK19 7NF
11/11/2019,27,Wade Clark,MK46 5EJ
30/04/2019,38,Soham Lord,MK19 6DQ
15/11/2019,7,Lester Daniels,MK11 1BQ
19/02/2019,31,Ricky Hart,MK17 0PJ
23/09/2019,18,Sophie Simmmons,MK10 0BN
19/12/2019,27,Lily King,MK14 5QR
22/12/2019,15,Susanna Tucker,NN7 2BH
04/02/2019,35,Byron Mills,MK19 7EB
01/12/2019,25,Judith Garza,MK9 3EJ
14/12/2019,36,Amber Rose,MK17 7AJ
04/01/2019,9,Louis Anderson,MK6 5EY
29/12/2019,34,Nicholas Harris,MK4 3BT
10/06/2019,8,Dwayne Bailey,MK19 7DX
12/04/2019,8,Maddison Miles,MK6 5AP
12/02/2019,21,Isabella Walters,MK17 0BU
12/03/2019,38,Norman Gordon,MK17 0PN
06/01/2019,25,Mandy Lowe,NN7 2FA
11/11/2019,32,Charlie Gregory,MK14 5FQ
31/03/2019,12,Carlos Mcdonalid,MK17 8DL
18/09/2019,21,Amber Kim,MK3 5FR
23/04/2019,5,Kate Banks,MK7 6BZ
16/05/2019,33,Britney Frazier,NN7 2HA
27/06/2019,9,Luke Hoffman,MK19 6DG
10/10/2019,15,Sarah Terry,MK10 1SA
24/11/2019,28,Joel Lawrence,MK17 0HX
28/01/2019,21,Dylan Flores,MK16 9HU
10/05/2019,9,Susan Soto,MK6 4NA
13/01/2019,9,Alison Watkins,MK9 2ES
03/09/2019,10,Kurt Bradley,MK13 0AD
01/07/2019,13,Lillian Macrae,MK8 9AL
18/01/2019,17,Edgar Kim,MK16 8LT
08/09/2019,25,Lester Daniels,MK11 1BQ
20/02/2019,9,Katherine Rogers,MK17 0RA
18/12/2019,12,Armando Newman,MK8 9DJ
20/12/2019,5,Donna Black,MK19 7ND
25/04/2019,38,Leah Reid,MK16 8LE
09/04/2019,14,Isabella Walters,MK17 0BU
12/07/2019,30,Samantha Byrd,MK11 3HQ
08/01/2019,8,Eva Howell,MK4 4NG
27/02/2019,6,Rosie Gomez,MK13 7DU
08/11/2019,19,Shaun Macrae,MK11 1FH
24/06/2019,31,Laura Payne,MK15 9AY
27/09/2019,33,Dylan Flores,MK16 9HU
21/01/2019,35,Judy George,MK6 2JS
27/08/2019,11,Christina Oliver,MK17 0HY
20/08/2019,16,Lillian Tucker,MK19 7DE
06/05/2019,23,Donna Burns,MK16 9FG
23/10/2019,10,Lester Nguyen,MK16 8EF
03/11/2019,18,Angie Harper,MK16 8LT
03/01/2019,10,Rosie Gardner,MK46 5JQ
28/09/2019,8,Maddison Chapman,MK19 7DF
07/03/2019,14,Judith Garza,MK9 3EJ
13/06/2019,4,Samantha Byrd,MK11 3HQ
13/01/2019,27,Sean Hughes,MK19 7HQ
09/07/2019,14,Kimberly Knight,MK6 3BX
01/01/2019,14,Olivia Hamilton,MK3 5DH
28/03/2019,6,Justin Kuhn,MK17 8HN
13/09/2019,26,Dustin Hudson,MK16 8EP
14/12/2019,29,Angie Fernandez,MK16 8LN
22/07/2019,4,Angela Morrison,MK16 0LY
16/10/2019,8,Vernon Flores,MK15 0BN
19/09/2019,11,Oscar Johnson,MK17 8FF
12/09/2019,11,Adam Cook,MK2 3NU
14/07/2019,14,Jenny Peterson,NN12 7QT
20/11/2019,4,Sean Hughes,MK19 7HQ
30/09/2019,12,Isabelle Cox,MK16 9NY
24/05/2019,27,Gilbert Jackson,MK16 8LT
31/08/2019,5,Ella Warren,MK19 6BD
22/11/2019,37,Ernest Carroll,MK16 8NY
17/10/2019,40,Alexandra Black,LU7 0ES
09/04/2019,27,Laura Payne,MK15 9AY
20/06/2019,10,Ella Warren,MK19 6BD
07/01/2019,10,Lawrence Hunt,MK46 5DS
18/01/2019,24,Russell Cook,MK9 3BQ
07/04/2019,7,Edgar Kim,MK16 8LT
13/04/2019,5,Dick Green,MK46 5AF
18/03/2019,28,Ian Davidson,MK46 5AN
22/08/2019,24,Eva Howell,MK4 4NG
06/09/2019,7,Soham Lord,MK19 6DQ
15/11/2019,9,Larry Mitchell,MK3 5NS
05/05/2019,11,Kelly Perry,MK13 7DF
30/04/2019,7,Rich Kelly,MK17 0EJ
09/09/2019,35,Kelly Neal,MK3 7AN
24/04/2019,26,Javier Thompson,MK13 8NP
21/02/2019,17,Alex Hamilton,MK16 9EU
07/10/2019,11,Neil Davidson,MK14 7QH
31/01/2019,10,Adrian Warren,MK14 7DT
08/02/2019,21,Justin Chavez,MK15 8PE
25/12/2019,7,Sara Carroll,LU7 0ES
07/08/2019,36,Louis Anderson,MK6 5EY
19/10/2019,35,Sheryl Evans,NN12 7PY
08/10/2019,14,Justin Kuhn,MK17 8HN
23/02/2019,28,Katie Burns,MK19 6EB
11/11/2019,15,Russell Cook,MK9 3BQ
25/06/2019,15,Wade Foster,MK5 7HZ
03/08/2019,28,Suzanne Jennings,MK13 8EQ
14/04/2019,39,Angela Morrison,MK16 0LY
16/11/2019,36,Teresa Martin,MK10 9NA
21/04/2019,13,Mandy Mccoy,MK5 8AA
14/12/2019,12,Eliza Gonzalez,MK17 0EA
29/04/2019,13,Edgar Kim,MK16 8LT
29/10/2019,38,Jayden Hayes,MK19 7BH
11/06/2019,35,Alex Hamilton,MK16 9EU
19/10/2019,25,Amy Wheeler,MK14 6EZ
12/11/2019,21,Chris Wright,MK17 9PW
02/07/2019,9,Lance Day,MK14 6FX
17/01/2019,22,Judith Carr,MK19 7HA
09/03/2019,32,Ivan Sutton,MK17 0SS
06/11/2019,26,Alison Watkins,MK9 2ES
11/12/2019,15,Olivia Pearson,LU7 0EP
12/08/2019,17,Suzanne Webb,MK14 7PG
12/07/2019,12,Susan Myers,MK13 7QT
21/02/2019,27,Callum Rhodes,MK17 0EB
23/08/2019,31,Willie Garrett,LU7 0GF
03/02/2019,35,Jose Young,MK6 1BH
16/08/2019,13,Ernest Carroll,MK16 8NY
27/10/2019,13,Karen Carr,LU7 0EU
23/05/2019,24,Kelly Myers,MK17 9BS
15/09/2019,12,Jake Martinez,MK16 0BT
07/01/2019,37,Jonathan Jennings,MK4 4JL
13/08/2019,4,Zander Butler,MK46 5AX
07/03/2019,11,Lillian Watkins,MK13 7LL
30/11/2019,6,Jenny Peterson,NN12 7QT
02/02/2019,6,Rafael Arnold,MK16 9AX
18/05/2019,18,Rafael Larson,MK3 5LA
25/12/2019,26,Dustin Hudson,MK16 8EP
12/01/2019,11,Kelly Myers,MK17 9BS
10/11/2019,29,Lucas or luke Jones,MK4 4BX
02/07/2019,10,Art Black,MK6 2XA
04/10/2019,25,Pedro Warren,LU7 0LU
06/06/2019,7,Matthew Simpson,MK16 0HX
09/02/2019,31,Erin Stanley,MK3 5GQ
18/04/2019,7,Tracy Byrd,MK19 7AW
18/07/2019,12,Leah Fleming,MK3 7RD
02/02/2019,4,Leah Reid,MK16 8LE
12/04/2019,38,Mandy Mccoy,MK5 8AA
20/01/2019,4,Alex May,MK6 5AD
19/04/2019,8,Michelle Fleming,MK6 1LA
14/12/2019,36,Kelly Neal,MK3 7AN
09/08/2019,5,Carol Dixon,MK14 6AT
02/07/2019,24,Cecil Henry,MK10 9JW
07/01/2019,11,Stephanie Frazier,MK13 0LP
21/12/2019,13,Karl Gutierrez,MK17 0SP
06/02/2019,4,Sammy Pena,MK14 5AE
23/02/2019,4,Mandy Lowe,NN7 2FA
24/06/2019,29,Javier Thompson,MK13 8NP
14/02/2019,7,Janet Reynolds,MK6 2PA
03/12/2019,9,Kate Banks,MK7 6BZ
15/01/2019,35,Wade Clark,MK46 5EJ
30/11/2019,7,Katie Burns,MK19 6EB
23/08/2019,8,Zander Butler,MK46 5AX
23/05/2019,4,Nicky Jensen,MK12 6AZ
03/09/2019,28,Zander Butler,MK46 5AX
20/02/2019,33,Ethan Wood,MK6 2HU
01/04/2019,30,Debbie Hughes,MK16 0NA
13/06/2019,9,Eva Harrison,MK8 9LG
18/05/2019,31,Angie Bowman,MK46 4AF
16/04/2019,24,Carlos Mcdonalid,MK17 8DL
02/02/2019,8,Florence Cooper,MK17 0PN
08/01/2019,25,Caroline Castillo,MK19 7HN
01/10/2019,24,Clinton Wagner,LU7 0EU
11/01/2019,18,Sammy Reed,NN7 2HA
18/01/2019,40,Kelly Myers,MK17 9BS
25/04/2019,14,Milton Morales,MK3 5HN
05/11/2019,9,Olivia Hamilton,MK3 5DH
28/05/2019,38,Paige Lord,MK13 7RA
04/04/2019,36,Heather Hoffman,MK9 2HQ
19/01/2019,38,Stanley Powell,MK16 9HH
28/01/2019,36,Angela Morrison,MK16 0LY
30/08/2019,12,Leah Alvarez,MK9 2DH
17/08/2019,16,Rosie Gomez,MK13 7DU
01/02/2019,15,Wade Foster,MK5 7HZ
06/12/2019,29,Kathy Bryant,MK19 7DR
02/03/2019,9,Judy George,MK6 2JS
11/10/2019,13,Eric Porter,MK17 0PD
30/05/2019,21,Judy Reed,MK13 0AT
02/09/2019,21,Angela Morrison,MK16 0LY
12/09/2019,15,Susie Harris,MK14 6GD
25/11/2019,38,Katie Griffin,MK12 6AS
04/02/2019,37,Ellie Holland,MK16 8LG
21/06/2019,14,Julia Alvarez,MK14 6FS
04/10/2019,12,Ed Turner,MK14 7BS
09/09/2019,5,Marion Reynolds,MK17 0NF
02/03/2019,33,Deborah Sims,MK15 0DD
20/09/2019,35,Russell Cook,MK9 3BQ
08/09/2019,34,Josef Watkins,MK5 8PJ
24/02/2019,22,Julia Matthews,MK12 5EA
27/09/2019,11,Susan Ortiz,MK4 1BZ
02/04/2019,4,Catherine Shaw,MK8 9DY
10/11/2019,27,Jason James,MK3 5ES
22/06/2019,31,Michelle Fleming,MK6 1LA
20/04/2019,33,Joseph Walters,MK4 1EU
19/12/2019,17,Alfredo Robertson,MK14 5FU
04/03/2019,26,Angela Morrison,MK16 0LY
04/03/2019,13,Eva Torres,MK17 0SS
17/07/2019,28,Isabella Rose,MK16 9EU
18/02/2019,36,Kelly Cunningham,MK17 8BP
20/12/2019,32,Hugh Stanley,MK17 0EG
03/03/2019,13,Stephanie Frazier,MK13 0LP
02/12/2019,11,Theodore Stone,MK3 5QY
26/02/2019,19,Donald Simmmons,MK19 6DD
07/08/2019,15,Clarence Hunter,MK9 2AJ
23/10/2019,4,Katherine Simpson,MK12 5NN
29/05/2019,9,Sam Stanley,MK15 0DJ
08/10/2019,5,Jeremiah Brooks,MK17 0LN
30/08/2019,9,Mathew Obrien,MK16 9ET
01/07/2019,11,Isaac Harper,MK16 8LX
14/02/2019,18,Tracy Herrera,MK17 0PJ
01/04/2019,12,Mathew Howell,MK4 4TX
26/10/2019,12,Cathy Watts,MK13 7QT
12/06/2019,5,Rachel Gardner,MK3 5DG
26/07/2019,21,Austin Montgomery,MK19 7DP
18/09/2019,32,Rosie Wilson,MK2 2TX
15/12/2019,22,Patricia Romero,MK17 0LU
07/09/2019,14,Ella Warren,MK19 6BD
18/11/2019,8,Xander Hamilton,MK17 0PN
06/03/2019,9,Ed Oliver,MK19 6DF
22/09/2019,20,Heather Hoffman,MK9 2HQ
20/10/2019,29,Lily King,MK14 5QR
05/12/2019,18,Susie Gregory,MK7 6AA
15/05/2019,19,Gordon Jacobs,MK46 5JH
16/11/2019,17,Judith Fowler,MK16 8LQ
29/05/2019,7,Gordon Jacobs,MK46 5JH
10/04/2019,18,Kimberly Brewer,MK6 5LE
29/03/2019,27,Alexandra Black,LU7 0ES
17/09/2019,9,Leah Jackson,MK17 0LD
24/08/2019,5,Evan Brewer,MK19 7HP
06/10/2019,39,Brayden Shaw,MK8 9BB
11/08/2019,19,Zoe Lawson,MK14 7RR
15/04/2019,35,Stanley Elliott,MK16 0JA
27/06/2019,30,Deborah Sims,MK15 0DD
24/08/2019,4,Kaitlin Jennings,MK18 3LW
03/05/2019,13,Mary Hart,MK19 6DU
03/10/2019,28,Jennifer Bailey,LU7 0DE
02/05/2019,11,Stanley Grant,MK2 3QP
22/08/2019,27,Stephen Willis,MK15 9JY
28/04/2019,6,Olivia Hamilton,MK3 5DH
07/02/2019,34,Soham Johnson,MK17 0LQ
29/06/2019,31,Rosalyn Ray,MK17 9NU
19/12/2019,24,Isabelle Cox,MK16 9NY
15/04/2019,7,Leah Jackson,MK17 0LD
04/04/2019,33,Roland Ryan,MK7 8EG
28/03/2019,25,Todd Cooper,MK6 3JH
01/09/2019,36,Laura Reynolds,MK13 0RH
07/06/2019,27,Dwayne Bailey,MK19 7DX
07/04/2019,37,Victor Davis,MK3 7UL
14/12/2019,14,Ian Davidson,MK46 5AN
24/01/2019,9,Holly Dixon,MK3 5DS
17/07/2019,7,Katherine Stephens,MK6 3EE
29/07/2019,14,Matthew Simpson,MK16 0HX
11/01/2019,28,Angie Hamilton,MK6 3AY
26/08/2019,6,Stanley Grant,MK2 3QP
17/11/2019,37,Jim Byrd,MK14 7QW
27/08/2019,36,Samantha Byrd,MK11 3HQ
03/09/2019,24,Olivia Pearson,LU7 0EP
25/08/2019,36,Kimberly Reyes,MK17 0PN
04/07/2019,31,Sarah Terry,MK10 1SA
03/10/2019,15,Tony Richardson,MK14 7AJ
21/09/2019,10,Kelly Neal,MK3 7AN
24/07/2019,31,Connor Fuller,MK19 6DS
10/05/2019,21,Ellen Harper,MK4 2HA
09/10/2019,31,Justin Chavez,MK15 8PE
07/03/2019,14,Deborah Sims,MK15 0DD
15/02/2019,38,Mary Howard,NN12 7TH
03/07/2019,6,Stephanie Frazier,MK13 0LP
02/09/2019,37,Soham Johnson,MK17 0LQ
17/07/2019,5,Chris Wright,MK17 9PW
20/05/2019,14,Steve Ray,MK17 8DA
07/02/2019,12,Holly Russell,MK3 5FH
16/09/2019,13,Ashley Harvey,MK4 4GA
08/02/2019,26,Mary Hart,MK19 6DU
30/10/2019,15,Kelly Perry,MK13 7DF
21/12/2019,31,Ray Kelly,MK16 0HN
18/06/2019,40,Linda Boyd,MK17 0JW
08/07/2019,5,Marc Hoffman,MK12 5NN
13/01/2019,12,Deborah Sims,MK15 0DD
10/12/2019,28,Grace Gardner,MK9 2FL
12/01/2019,31,Ashley Sims,LU7 0DU
19/06/2019,13,Hugh Stevens,MK13 7AY
10/01/2019,30,Paige Lord,MK13 7RA
22/09/2019,22,Kimberly Reyes,MK17 0PN
29/12/2019,8,Alvin Perez,MK3 7LD
04/12/2019,26,Brad Olson,MK19 6NL
01/10/2019,10,Ashley Watkins,MK9 1EN
26/11/2019,12,Larry Walker,MK17 9HD
26/10/2019,8,Patricia Ferguson,NN12 7QL
08/01/2019,31,Matthew Simpson,MK16 0HX
11/04/2019,33,Heather Wood,MK14 7DW
22/11/2019,12,Katherine Rogers,MK17 0RA
10/07/2019,14,Ricardo Fisher,LU7 0DN
30/11/2019,32,Alberto Barnett,MK17 9AB
13/08/2019,39,Amy Lawson,MK14 6GG
31/05/2019,23,Abbie Hunter,MK7 7RU
06/05/2019,12,Ellie Dean,MK46 5JH
23/07/2019,6,Pedro Warren,LU7 0LU
01/02/2019,8,Warren Patterson,MK16 8LX
26/11/2019,10,Izzie Terry,MK13 7RA
05/05/2019,39,Zander Butler,MK46 5AX
16/01/2019,13,David Gonzalez,MK1 1BN
08/04/2019,30,Angie Hamilton,MK6 3AY
22/06/2019,22,Fred Black,MK14 5BL
20/01/2019,26,Stanley Powell,MK16 9HH
01/11/2019,13,Larry Allen,MK14 5DW
28/09/2019,14,Alfredo Robertson,MK14 5FU
18/08/2019,14,Jose Young,MK6 1BH
13/04/2019,14,Charlie Gregory,MK14 5FQ
29/01/2019,35,Sara Carroll,LU7 0ES
11/10/2019,9,Sheryl Evans,NN12 7PY
08/05/2019,22,Carol Perez,MK15 9AW
26/06/2019,38,Elizabeth Rogers,MK5 6EQ
27/01/2019,27,Mathew Clarke,MK6 5EG
05/07/2019,8,Pedro Warren,LU7 0LU
22/01/2019,29,Stephen Willis,MK15 9JY
22/04/2019,25,Dustin Hudson,MK16 8EP
04/07/2019,14,Isabella Rose,MK16 9EU
11/01/2019,7,Sophie Simmmons,MK10 0BN
03/09/2019,11,Theodore Watson,MK19 6NB
27/10/2019,12,Dick Green,MK46 5AF
26/03/2019,14,Susan Lynch,MK19 6EG
20/04/2019,28,Josef Watkins,MK5 8PJ
16/05/2019,30,Kelly Neal,MK3 7AN
19/10/2019,9,Hugh Stevens,MK13 7AY
19/11/2019,24,Perry Lord,MK17 8AF
14/04/2019,18,Rosalyn Ross,MK10 9UH
28/05/2019,14,Laura Reynolds,MK13 0RH
03/02/2019,37,Mandy Lowe,NN7 2FA
08/03/2019,12,Kate Kennedy,MK6 2UE
09/04/2019,22,Erin Stanley,MK3 5GQ
14/01/2019,33,Ricardo Robinson,MK19 7BU
30/01/2019,18,Steven Austin,LU7 0UU
02/03/2019,24,Alexandra Black,LU7 0ES
13/08/2019,16,Anna Collins,MK3 7SY
18/03/2019,13,Ron Wallace,MK4 4LQ
11/06/2019,7,Laura Reynolds,MK13 0RH
02/01/2019,13,Isabelle Cox,MK16 9NY
30/11/2019,12,Stephanie Cook,MK8 9AA
20/02/2019,8,Eli Walker,MK6 4AL
17/10/2019,37,Wallace Wagner,MK13 7LG
24/04/2019,36,Eva Howell,MK4 4NG
13/01/2019,11,Maddison Reid,LU7 0DN
19/09/2019,21,Lucy Armstrong,MK9 1AU
26/02/2019,26,Ronald Ferguson,MK17 0HL
04/12/2019,8,Nicky Mccoy,MK19 7NF
18/12/2019,6,Alfred Reid,MK3 5QY
07/10/2019,39,Willie Burton,MK43 0TG
11/02/2019,14,Ella Warren,MK19 6BD
30/07/2019,13,Katherine Stephens,MK6 3EE
01/03/2019,13,Ron Wallace,MK4 4LQ
20/10/2019,7,Kate Kennedy,MK6 2UE
22/07/2019,16,Kimberly Knight,MK6 3BX
01/10/2019,10,Carolyn King,MK10 9PJ
22/12/2019,12,Ella Warren,MK19 6BD
22/10/2019,13,Javier Thompson,MK13 8NP
21/05/2019,9,Brooke Young,MK10 9QB
28/04/2019,9,Olivia Pearson,LU7 0EP
19/09/2019,13,Ellie Fletcher,MK9 3EJ
18/12/2019,13,Lily King,MK14 5QR
11/10/2019,11,Susie Gregory,MK7 6AA
01/05/2019,34,Ronald Ferguson,MK17 0HL
25/03/2019,25,Abbie Hunter,MK7 7RU
25/05/2019,20,Carolyn King,MK10 9PJ
06/07/2019,10,Victor Davis,MK3 7UL
14/09/2019,12,Leah Alexander,MK19 7AG
25/10/2019,7,Josef Watkins,MK5 8PJ
14/01/2019,16,Adrian Warren,MK14 7DT
17/09/2019,26,Leah Fleming,MK3 7RD
24/02/2019,32,Vicky Wagner,MK4 4GH
29/01/2019,24,Kelly Myers,MK17 9BS
11/04/2019,25,Clarence Hunter,MK9 2AJ
13/02/2019,39,Judith Fowler,MK16 8LQ
02/09/2019,18,Kimberly Brewer,MK6 5LE
17/01/2019,10,Josef Watkins,MK5 8PJ
20/03/2019,13,Angie Bowman,MK46 4AF
11/02/2019,8,Byron Mills,MK19 7EB
05/04/2019,11,Julia Alvarez,MK14 6FS
25/01/2019,22,Fred Black,MK14 5BL
12/11/2019,8,Zoe Lawson,MK14 7RR
09/11/2019,17,Nicholas Harris,MK4 3BT
30/10/2019,39,Darrell Gregory,MK16 8LT
13/05/2019,11,Heather Wood,MK14 7DW
21/08/2019,32,Angie Price,MK9 3HP
08/12/2019,20,Caroline Mcdonalid,MK19 6DF
04/09/2019,28,Roland Ryan,MK7 8EG
30/08/2019,18,Manuel Gibson,MK12 5NN
13/01/2019,12,Sofia Martinez,MK19 6DU
04/09/2019,22,Wallace Wagner,MK13 7LG
04/07/2019,22,Manuel Gibson,MK12 5NN
20/06/2019,10,Andrea Franklin,MK17 0JE
20/12/2019,9,Jeremiah Brooks,MK17 0LN
22/12/2019,12,Tracy Herrera,MK17 0PJ
03/02/2019,12,Josh Mason,MK17 9LJ
03/12/2019,16,Ray Kelly,MK16 0HN
03/08/2019,34,Ellie Matthews,MK16 8QR
03/11/2019,33,Alfred Reid,MK3 5QY
23/10/2019,36,Marion Reynolds,MK17 0NF
03/09/2019,5,Pat Thompson,MK7 8EH
07/02/2019,8,Victor Elliott,MK16 0HZ
11/03/2019,32,Tracy Byrd,MK19 7AW
26/09/2019,11,Mandy Lowe,NN7 2FA
23/10/2019,29,Marc Hoffman,MK12 5NN
26/09/2019,12,Lillian Macrae,MK8 9AL
26/05/2019,13,Jeremiah Brooks,MK17 0LN
01/07/2019,13,Cory Gray,MK9 2DH
10/02/2019,15,Sammy Reed,NN7 2HA
17/11/2019,9,Charlotte Gardner,MK14 7AR
19/06/2019,14,Victoria Graham,MK14 5AH
30/04/2019,8,Susie Harris,MK14 6GD
20/11/2019,29,Alberto Hansen,MK8 0AE
10/08/2019,21,Susan Ortiz,MK4 1BZ
27/10/2019,10,Darrell Caldwell,MK3 6LN
02/10/2019,9,Suzanne Webb,MK14 7PG
15/07/2019,7,Eliza Gonzalez,MK17 0EA
08/04/2019,13,Heather Wood,MK14 7DW
04/01/2019,11,Kate Douglas,LU7 0BJ
29/06/2019,12,Catherine Vasquez,MK14 6ET
24/06/2019,40,Vanessa Little,MK12 5TH
07/01/2019,38,Joseph Walters,MK4 1EU
29/10/2019,10,Clarence Hunter,MK9 2AJ
06/07/2019,17,Sara Carroll,LU7 0ES
02/12/2019,13,Rosie Gomez,MK13 7DU
25/06/2019,31,Ellen Harper,MK4 2HA
05/10/2019,12,Xander Hamilton,MK17 0PN
31/01/2019,20,Patricia Wagner,MK6 3EA
25/07/2019,9,Alberto Barnett,MK17 9AB
08/04/2019,8,Jennifer Bailey,LU7 0DE
25/03/2019,18,Rick Willis,MK9 3EJ
29/12/2019,33,Hanna Stephens,LU7 0LS
15/06/2019,7,Alex Watkins,MK16 0HX
05/04/2019,18,Elizabeth Rogers,MK5 6EQ
08/05/2019,13,Leon Elliott,MK1 1EW
20/04/2019,12,Jeffrey Caldwell,MK11 1NJ
18/09/2019,5,Carol Dixon,MK14 6AT
25/09/2019,7,Josef Graves,MK9 4AN
14/03/2019,34,Charlie Gregory,MK14 5FQ
13/02/2019,25,Roland Ryan,MK7 8EG
17/01/2019,12,Eva Torres,MK17 0SS
04/09/2019,7,Susie Harris,MK14 6GD
19/04/2019,40,Judith Carr,MK19 7HA
17/09/2019,9,Willie Garrett,LU7 0GF
29/08/2019,29,Dylan Flores,MK16 9HU
18/12/2019,22,Rachel Gardner,MK3 5DG
13/12/2019,6,Ed Turner,MK14 7BS
12/11/2019,12,Darrell Gregory,MK16 8LT
14/01/2019,11,Judith Carr,MK19 7HA
15/05/2019,11,Jenny Peterson,NN12 7QT
16/11/2019,29,Abbie Hunter,MK7 7RU
18/10/2019,32,Clarence Hunter,MK9 2AJ
01/04/2019,8,Steven Austin,LU7 0UU
17/02/2019,34,Carolyn King,MK10 9PJ
22/03/2019,7,Heidi Carr,MK16 9QJ
04/10/2019,13,Andrew Butler,MK16 8JA
05/11/2019,39,Samantha Hamilton,MK16 8HR
14/03/2019,14,Thomas Gardner,MK6 2PG
29/10/2019,7,Rich Kelly,MK17 0EJ
04/04/2019,17,Patrick Nelson,NN7 2BH
06/01/2019,6,Suzanna Curtis,MK17 0EB
31/03/2019,5,Caitlin Ramos,MK19 6NR
11/11/2019,20,Lester Nguyen,MK16 8EF
04/10/2019,30,Ricardo Fisher,LU7 0DN
20/02/2019,9,Josh West,MK17 0ST
02/02/2019,37,Joel Lawrence,MK17 0HX
27/02/2019,31,Jennifer Bailey,LU7 0DE
02/07/2019,25,Alex Hamilton,MK16 9EU
11/08/2019,23,Stephanie Cook,MK8 9AA
09/07/2019,14,Teresa Hill,MK8 9LG
06/01/2019,32,Julia Matthews,MK12 5EA
23/08/2019,20,Randall Jones,MK6 5JZ
03/03/2019,8,Maddison Cooper,MK4 1LY
28/02/2019,33,Ricardo Larson,MK19 6BH
18/03/2019,22,Ashley Sims,LU7 0DU
12/05/2019,8,Lillian Watkins,MK13 7LL
20/02/2019,12,Isabelle Cox,MK16 9NY
17/05/2019,36,Matthew Simpson,MK16 0HX
03/09/2019,37,Laura Hunter,MK6 2DH
29/01/2019,26,Kate Banks,MK7 6BZ
05/04/2019,36,Maddison Cooper,MK4 1LY
25/12/2019,26,Ellie Holland,MK16 8LG
24/10/2019,4,Bradley Hicks,MK19 7NF
20/08/2019,30,Leah Jackson,MK17 0LD
17/05/2019,32,Alan Weaver,MK17 0BQ
26/05/2019,7,Lillian Tucker,MK19 7DE
14/11/2019,4,Mary Hart,MK19 6DU
28/10/2019,5,Brooke Jensen,MK7 6HE
05/04/2019,14,Ivan Sutton,MK17 0SS
06/06/2019,34,Patricia Griffin,NN7 2JP
26/09/2019,17,Ella Warren,MK19 6BD
14/11/2019,39,Lillian Watkins,MK13 7LL
22/11/2019,8,Susan Ortiz,MK4 1BZ
25/12/2019,15,Dwayne Bailey,MK19 7DX
19/11/2019,22,Judy George,MK6 2JS
02/12/2019,14,Gordon Jacobs,MK46 5JH
26/09/2019,30,Rick Willis,MK9 3EJ
03/01/2019,15,Holly Russell,MK3 5FH
07/06/2019,30,Samantha Hamilton,MK16 8HR
07/12/2019,17,Jenny Peterson,NN12 7QT
28/09/2019,17,Vernon Mcdonalid,MK17 0EG
13/08/2019,29,Paige Lord,MK13 7RA
10/06/2019,7,Patrick Nelson,NN7 2BH
11/09/2019,11,Darrell Caldwell,MK3 6LN
20/02/2019,11,Sophie Simmmons,MK10 0BN
21/11/2019,34,Deborah Chambers,MK6 1BA
22/05/2019,27,Hugh Stevens,MK13 7AY
02/11/2019,15,Maddison Cooper,MK4 1LY
21/01/2019,17,Jenny Peterson,NN12 7QT
08/06/2019,22,Emma Burns,MK8 9AA
14/08/2019,8,Tracy Herrera,MK17 0PJ
25/02/2019,16,Eliza Gonzalez,MK17 0EA
22/11/2019,15,Pedro Warren,LU7 0LU
09/12/2019,6,Katie Newman,MK5 6HQ
02/10/2019,31,Elizabeth Rogers,MK5 6EQ
08/10/2019,32,Linda Walker,MK19 7EA
21/01/2019,6,Roger Silva,MK17 0LD
07/08/2019,35,Clarence Hunter,MK9 2AJ
17/04/2019,6,Gerald Hernandez,MK5 6DL
02/04/2019,7,Lucy Armstrong,MK9 1AU
15/11/2019,20,Cecil Henry,MK10 9JW
23/10/2019,14,Faith Ford,MK16 9HG
17/06/2019,9,Alan Weaver,MK17 0BQ
02/08/2019,12,Dick Green,MK46 5AF
14/12/2019,9,Sarah Terry,MK10 1SA
26/08/2019,10,Olivia Hamilton,MK3 5DH
30/08/2019,30,Hunter King,MK46 5AX
23/06/2019,22,Bob Cole,MK17 9AA
07/09/2019,5,Terry Cole,MK4 3GB
24/07/2019,19,Sophie Simmmons,MK10 0BN
24/08/2019,15,Jeffrey Caldwell,MK11 1NJ
06/12/2019,36,Matthew Simpson,MK16 0HX
17/03/2019,31,Janet Hunter,MK9 3AT
09/09/2019,11,Chris Wright,MK17 9PW
27/04/2019,38,Neil Davidson,MK14 7QH
30/01/2019,23,Angie Bowman,MK46 4AF
22/02/2019,13,Clarence Hunter,MK9 2AJ
17/05/2019,17,Rachel Gardner,MK3 5DG
26/04/2019,12,Walter Montgomery,MK46 4DU
21/10/2019,17,Susanna Tucker,NN7 2BH
08/05/2019,14,Paige Lord,MK13 7RA
15/12/2019,14,Leah Fleming,MK3 7RD
10/03/2019,21,Alfredo Robertson,MK14 5FU
05/07/2019,21,Caroline Henderson,MK16 8NL
01/01/2019,37,Fred Black,MK14 5BL
14/03/2019,8,Troy Stewart,MK16 8LX
14/07/2019,37,Rosalyn Ross,MK10 9UH
27/12/2019,5,Kaitlin Jennings,MK18 3LW
28/07/2019,10,Willie Garrett,LU7 0GF
01/02/2019,5,Brayden Shaw,MK8 9BB
21/12/2019,6,Melissa Cook,MK16 8LF
04/04/2019,9,Maddison Miles,MK6 5AP
27/03/2019,6,Guy Hoffman,MK6 5DN
24/08/2019,8,Ethan Wood,MK6 2HU
03/01/2019,8,Lucy Armstrong,MK9 1AU
22/12/2019,27,Wallace Wagner,MK13 7LG
02/04/2019,27,Alison Richards,MK12 6HG
06/04/2019,15,Vanessa Harris,MK12 6HJ
09/04/2019,34,Guy Kuhn,MK13 9HA
17/04/2019,37,Luis Peterson,MK13 0LL
03/04/2019,15,Amelia Ferguson,MK13 0LP
27/04/2019,6,Tammy Larson,MK12 5AP
22/04/2019,12,Dave Simmmons,MK12 6JZ
29/04/2019,18,Vicki Reynolds,MK13 0PF
10/04/2019,21,Lauren James,MK8 8AA
29/04/2019,24,Victoria Wagner,MK12 6HJ
29/04/2019,26,Julian Howell,MK12 5EY
17/04/2019,37,Luis Peterson,MK13 0LL
12/08/2019,12,Luis Peterson,MK13 0LL
26/10/2019,19,Luis Peterson,MK13 0LL
28/12/2019,37,Luis Peterson,MK13 0LL
10/07/2019,6,Lauren James,MK8 8AA
14/09/2019,15,Lauren James,MK8 8AA
03/11/2019,21,Lauren James,MK8 8AA
22/09/2019,12,Dave Simmmons,MK12 6JZ
07/05/2019,16,Marion Stewart,MK10 9DH
22/05/2019,31,Tomothy Cox,MK10 0DB
16/05/2019,37,Steven Fowler,MK7 6BY
23/05/2019,12,Melvin Williamson,MK7 6HN
02/05/2019,11,Josef Fields,MK10 9RE
14/05/2019,17,Jack Reynolds,MK10 9HR
15/05/2019,18,Jackson Parker,MK10 0AA
04/05/2019,23,Suzanna Williamson,MK7 6AA
25/05/2019,12,Zoe Pena,MK10 9PF
09/05/2019,35,Elizabeth Lawson,MK7 6JU
25/07/2019,21,Zoe Pena,MK10 9PF
25/09/2019,24,Zoe Pena,MK10 9PF
16/06/2019,17,Steven Fowler,MK7 6BY
16/09/2019,9,Steven Fowler,MK7 6BY
16/11/2019,12,Steven Fowler,MK7 6BY
14/09/2019,9,Jack Reynolds,MK10 9HR
01/12/2019,21,Jack Reynolds,MK10 9HR
12/12/2019,6,Jack Reynolds,MK10 9HR
04/06/2019,36,Charlotte Kim,MK4 1LU
28/06/2019,19,Sofia Barrett,MK4 2HF
14/06/2019,19,Chester Clark,MK5 7DX
10/06/2019,24,Jeff Jordan,MK5 7GR
10/06/2019,17,Dwayne Snyder,MK5 7BT
23/06/2019,12,Ritthy Hart,MK4 1LU
27/06/2019,26,Marie Rose,MK4 2LT
04/06/2019,31,Edward Elliott,MK4 3AL
18/06/2019,14,Samantha Robinson,MK5 7HH
05/06/2019,18,Grace Palmer,MK4 2GB
21/09/2019,16,Chester Clark,MK5 7DX
06/12/2019,13,Dwayne Snyder,MK5 7BT
10/09/2019,39,Edward Elliott,MK4 3AL
11/09/2019,9,Samantha Robinson,MK5 7HH
01/09/2019,39,Samantha Robinson,MK5 7HH
24/10/2019,6,Sofia Barrett,MK4 2HF
06/09/2019,30,Sofia Barrett,MK4 2HF
31/08/2019,15,Grace Palmer,MK4 2GB
16/11/2019,23,Grace Palmer,MK4 2GB
23/11/2019,12,Jeff Jordan,MK5 7GR
19/07/2019,21,Phoebe Chapman,MK3 7ES
30/07/2019,6,Chloe Hansen,MK1 1EA
22/07/2019,28,Jerry Mason,MK3 7UL
17/07/2019,16,Linda Peters,MK3 6JX
29/07/2019,28,Brittany Cook,MK3 6JN
06/07/2019,18,Grace White,MK3 6LU
30/07/2019,16,Elizabeth Welch,MK4 1AP
17/07/2019,33,Ellie Payne,MK3 6FN
30/07/2019,7,Jamie Harrison,MK1 1DT
04/07/2019,17,Riley Harper,MK3 6GU
29/11/2019,21,Chloe Hansen,MK1 1EA
06/10/2019,9,Chloe Hansen,MK1 1EA
30/11/2019,39,Brittany Cook,MK3 6JN
22/09/2019,9,Brittany Cook,MK3 6JN
22/08/2019,13,Ellie Payne,MK3 6FN
06/11/2019,16,Riley Harper,MK3 6GU
30/12/2019,25,Riley Harper,MK3 6GU
27/08/2019,40,Ellie Barnett,MK2 2AF
11/09/2019,29,Linda Peters,MK3 6JX
03/11/2019,19,Phoebe Chapman,MK3 7ES
02/08/2019,23,Brent Myers,MK8 0AE
30/08/2019,20,Nicky Reid,MK8 9LG
10/08/2019,16,Herman Hernandez,MK5 8DY
16/08/2019,17,Mandy Stewart,MK8 9DS
07/08/2019,17,Heather Gardner,MK8 8ND
09/08/2019,8,Terrence Payne,MK8 9AU
29/08/2019,27,Christopher Miller,MK13 9EW
13/08/2019,39,Vicki Johnston,MK8 8DF
18/08/2019,17,Barbara Banks,MK8 0JP
20/08/2019,5,Kayla Hughes,MK8 9EQ
01/12/2019,14,Kayla Hughes,MK8 9EQ
30/10/2019,27,Barbara Banks,MK8 0JP
15/12/2019,11,Vicki Johnston,MK8 8DF
23/09/2019,16,Vicki Johnston,MK8 8DF
19/12/2019,35,Terrence Payne,MK8 9AU
23/12/2019,17,Nicky Reid,MK8 9LG
29/09/2019,5,Christopher Miller,MK13 9EW
12/11/2019,10,Christopher Miller,MK13 9EW
18/12/2019,37,Brent Myers,MK8 0AE
04/10/2019,10,Brent Myers,MK8 0AE
12/10/2019,36,Charlotte Kim,MK4 1LU
22/11/2019,19,Sofia Barrett,MK4 2HF
11/04/2019,16,Eleanor Price,MK12 6HF
04/04/2019,22,Norman Hunter,MK13 9HA
16/04/2019,16,Marcus Cox,MK12 6HJ
08/04/2019,7,Virgil Torres,MK13 0QP
23/04/2019,22,Michael Bell,MK13 0PW
23/04/2019,29,Abbie Chambers,MK12 6HS
15/04/2019,18,Isaac Little,MK13 0LG
14/04/2019,12,Phillip Peters,MK13 0DX
05/04/2019,35,Anthony Roberts,MK12 6JQ
12/04/2019,12,Judith Butler,MK13 0LA
18/04/2019,9,Shawn Andrews,MK13 0QP
14/04/2019,18,Eva Bell,MK13 9AP
03/04/2019,7,Luke Sanchez,MK12 5TN
20/04/2019,26,Marvin Holmes,MK12 5DB
13/04/2019,36,Taylor Barnes,MK12 5EZ
25/04/2019,5,Antonio Griffin,MK12 5EQ
02/04/2019,15,Sebastian Crawford,MK13 0QP
22/04/2019,15,Victoria Austin,MK13 0RD
04/04/2019,31,Sofia Moreno,MK13 0QB
28/04/2019,6,Bryan Newman,MK12 6HN
02/05/2019,17,Alexandra White,MK10 0BA
08/05/2019,12,Lola Kelley,MK10 9BF
15/05/2019,13,Isaiah Gibson,MK10 9RD
14/05/2019,34,Alex Coleman,MK7 6JF
12/05/2019,27,Roland Ramirez,MK10 9NY
21/05/2019,6,Miguel Frazier,MK7 6JL
24/05/2019,14,Allie Harvey,MK10 9NZ
09/05/2019,38,Rene Gilbert,MK10 9AG
02/05/2019,40,Harold Fowler,MK10 9AN
09/05/2019,7,Dwayne Reyes,MK10 9AE
26/05/2019,29,Joshua Ortiz,MK10 9BT
28/05/2019,34,Carl Beck,MK7 7NJ
24/05/2019,36,Angela Ward,MK10 9FU
02/05/2019,35,Sheryl Black,MK10 0BB
13/05/2019,15,Eugene Perkins,MK10 9QT
06/05/2019,27,Faith Rogers,MK10 9BW
16/05/2019,17,Dwayne Bailey,MK10 9ES
17/05/2019,30,Victoria Douglas,MK10 9LU
07/05/2019,23,Ritthy Medina,MK10 9EA
13/05/2019,15,Sophie Macrae,MK10 9AU
10/06/2019,25,Jason Kennedy,MK3 7TH
03/06/2019,11,Karen Banks,MK4 2GF
18/06/2019,13,Katherine Coleman,MK4 3AX
09/06/2019,26,Tommy Macrae,MK4 2GJ
04/06/2019,6,Kristin Smith,MK5 7ES
24/06/2019,21,Judith Simmmons,MK5 7ET
29/06/2019,27,Arthur Stanley,MK4 2AF
17/06/2019,8,Judith Richardson,MK5 7DB
08/06/2019,19,Julie Gordon,MK5 7EX
22/06/2019,24,Rich Horton,MK4 2EA
13/06/2019,20,Steve Burns,MK5 7ET
04/06/2019,22,Phoebe Day,MK4 1JJ
04/06/2019,33,Suzanne Burton,MK4 2HB
10/06/2019,33,Angie Bell,MK5 6AZ
25/06/2019,37,Izzie Robertson,MK4 2HF
12/06/2019,25,Cody Anderson,MK5 7EU
19/06/2019,39,Ella Gordon,MK4 1EZ
07/06/2019,17,Becky Cruz,MK4 1EN
29/06/2019,15,Paul Watkins,MK4 1JQ
02/06/2019,33,Max Sims,MK5 7DG
23/07/2019,19,Hanna Willis,MK3 7DF
28/07/2019,7,Lauren Hayes,MK1 1DT
22/07/2019,22,Andrea Sims,MK3 6EB
25/07/2019,36,Arthur Jones,MK1 1DS
19/07/2019,17,Linda Miller,MK3 5AE
16/07/2019,26,Sebastian Douglas,MK3 7ER
10/07/2019,24,Craig Lewis,MK1 1EX
14/07/2019,11,Felix Myers,MK3 6LW
28/07/2019,17,Rodney Bell,MK3 6GT
11/07/2019,27,Miguel Ward,MK3 7PA
28/07/2019,35,Don Parker,MK3 6EQ
08/07/2019,20,Janet Washington,MK1 1QZ
13/07/2019,15,Susan Reynolds,MK3 6LG
06/07/2019,39,Bryan Scott,MK3 6JX
13/07/2019,8,Kent Cruz,MK1 1AX
24/07/2019,23,Abby Hansen,MK3 7JU
23/07/2019,15,Luis Tucker,MK6 1LS
15/07/2019,9,Debbie Dunn,MK3 6JX
10/07/2019,34,Susan Cole,MK3 6LU
24/07/2019,15,Jessie Shaw,MK3 6DS
16/08/2019,18,Caitlin Sanders,MK5 8EP
07/08/2019,25,Carol Steward,MK5 8HF
25/08/2019,33,Angie Duncan,MK8 9AU
23/08/2019,9,Floyd Brown,MK8 8JJ
02/08/2019,28,Chad Gilbert,MK8 9BD
23/08/2019,27,Alex Andrews,MK8 8EZ
22/08/2019,35,Leon Russell,MK8 8ET
20/08/2019,13,Lester Steward,MK8 8DA
18/08/2019,5,Paul Brooks,MK8 9BD
29/08/2019,7,Tim Henry,MK5 8DD
14/08/2019,23,Daryl Richardson,MK8 0AE
25/08/2019,7,Amber Palmer,MK8 9BP
13/08/2019,19,Julie Holt,MK8 9AT
25/08/2019,16,Sophia Newman,MK8 0ER
26/08/2019,21,Maddison Chambers,MK8 9AW
23/08/2019,8,Tim King,MK8 8EW
17/08/2019,20,Logan Vargas,MK8 0AN
28/08/2019,8,Susan Robinson,MK19 6ER
08/08/2019,31,Leroy Reed,MK8 8LJ
09/08/2019,15,Rebecca Gardner,MK8 9ER
